# Grammar labels shown on word cards, in every content language (reviewed by hand).
# Non-English labels give the local term followed by the Arabic term in Arabic script; Urdu and
# Persian already use the Arabic term itself. Columns: en	bn	ur	hi	in	tr	fa	fr
en	bn	ur	hi	in	tr	fa	fr
Noun (Ism)	বিশেষ্য (اسم)	اسم	संज्ञा (اسم)	Kata benda (اسم)	İsim (اسم)	اسم	Nom (اسم)
Active participle (Ism Fāʿil)	কর্তৃবাচক বিশেষ্য (اسم فاعل)	اسمِ فاعل	कर्तृवाचक संज्ञा (اسم فاعل)	Partisip aktif (اسم فاعل)	İsm-i fâil (اسم فاعل)	اسم فاعل	Participe actif (اسم فاعل)
Passive participle (Ism Mafʿūl)	কর্মবাচক বিশেষ্য (اسم مفعول)	اسمِ مفعول	कर्मवाचक संज्ञा (اسم مفعول)	Partisip pasif (اسم مفعول)	İsm-i mef'ûl (اسم مفعول)	اسم مفعول	Participe passif (اسم مفعول)
Verbal noun (Maṣdar)	ক্রিয়াবাচক বিশেষ্য (مصدر)	مصدر	क्रियार्थक संज्ञा (مصدر)	Kata benda verbal (مصدر)	Mastar (مصدر)	مصدر	Nom verbal (مصدر)
Proper noun	নামবাচক বিশেষ্য (اسم علم)	اسمِ علم	व्यक्तिवाचक संज्ञा (اسم علم)	Nama diri (اسم علم)	Özel isim (اسم علم)	اسم علم	Nom propre (اسم علم)
Preposition (Ḥarf Jarr)	সম্বন্ধসূচক অব্যয় (حرف جر)	حرفِ جار	सम्बन्धसूचक अव्यय (حرف جر)	Preposisi (حرف جر)	Harf-i cer (حرف جر)	حرف جر	Préposition (حرف جر)
Pronoun (Ḍamīr)	সর্বনাম (ضمير)	ضمیر	सर्वनाम (ضمير)	Kata ganti (ضمير)	Zamir (ضمير)	ضمیر	Pronom (ضمير)
Accusative particle (Ḥarf Naṣb)	নসবদানকারী অব্যয় (حرف نصب)	حرفِ نصب	नस्ब देने वाला अव्यय (حرف نصب)	Partikel nashab (حرف نصب)	Nasb harfi (حرف نصب)	حرف نصب	Particule de l'accusatif (حرف نصب)
Interrogative (Istifhām)	প্রশ্নবোধক (استفهام)	حرفِ استفہام	प्रश्नवाचक (استفهام)	Kata tanya (استفهام)	Soru edatı (استفهام)	ادات استفهام	Interrogatif (استفهام)
Conjunction (Ḥarf ʿAṭf)	সংযোজক অব্যয় (حرف عطف)	حرفِ عطف	समुच्चयबोधक अव्यय (حرف عطف)	Kata sambung (حرف عطف)	Atıf harfi (حرف عطف)	حرف عطف	Conjonction (حرف عطف)
Negative particle (Ḥarf Nafy)	নেতিবাচক অব্যয় (حرف نفي)	حرفِ نفی	निषेधवाचक अव्यय (حرف نفي)	Partikel negasi (حرف نفي)	Olumsuzluk edatı (حرف نفي)	حرف نفی	Particule de négation (حرف نفي)
Time adverb (Ẓarf Zamān)	কালবাচক ক্রিয়াবিশেষণ (ظرف زمان)	ظرفِ زمان	कालवाचक क्रियाविशेषण (ظرف زمان)	Keterangan waktu (ظرف زمان)	Zaman zarfı (ظرف زمان)	قید زمان	Adverbe de temps (ظرف زمان)
Relative pronoun (Ism Mawṣūl)	সম্বন্ধবাচক সর্বনাম (اسم موصول)	اسمِ موصول	संबंधवाचक सर्वनाम (اسم موصول)	Kata ganti penghubung (اسم موصول)	İlgi zamiri (اسم موصول)	اسم موصول	Pronom relatif (اسم موصول)
Conditional particle (Ḥarf Sharṭ)	শর্তবাচক অব্যয় (حرف شرط)	حرفِ شرط	शर्तवाचक अव्यय (حرف شرط)	Partikel syarat (حرف شرط)	Şart edatı (حرف شرط)	حرف شرط	Particule conditionnelle (حرف شرط)
Place adverb (Ẓarf Makān)	স্থানবাচক ক্রিয়াবিশেষণ (ظرف مكان)	ظرفِ مکان	स्थानवाचक क्रियाविशेषण (ظرف مكان)	Keterangan tempat (ظرف مكان)	Mekân zarfı (ظرف مكان)	قید مکان	Adverbe de lieu (ظرف مكان)
Answer particle	উত্তরসূচক অব্যয় (حرف جواب)	حرفِ جواب	उत्तरसूचक अव्यय (حرف جواب)	Partikel jawaban (حرف جواب)	Cevap edatı (حرف جواب)	حرف جواب	Particule de réponse (حرف جواب)
Demonstrative (Ism Ishārah)	ইঙ্গিতবাচক সর্বনাম (اسم إشارة)	اسمِ اشارہ	संकेतवाचक सर्वनाम (اسم إشارة)	Kata tunjuk (اسم إشارة)	İşaret zamiri (اسم إشارة)	اسم اشاره	Démonstratif (اسم إشارة)
Subordinating particle	অধীনতাসূচক অব্যয় (حرف مصدري)	حرفِ مصدری	अधीनतासूचक अव्यय (حرف مصدري)	Partikel subordinatif (حرف مصدري)	Masdar harfi (حرف مصدري)	حرف مصدری	Particule de subordination (حرف مصدري)
Explanation particle	বিশদকারী অব্যয় (حرف تفصيل)	حرفِ تفصیل	विवरणसूचक अव्यय (حرف تفصيل)	Partikel perincian (حرف تفصيل)	Tafsil edatı (حرف تفصيل)	حرف تفصیل	Particule de détail (حرف تفصيل)
Resumption particle	পুনরারম্ভসূচক অব্যয় (حرف استئناف)	حرفِ استیناف	पुनरारंभसूचक अव्यय (حرف استئناف)	Partikel permulaan (حرف استئناف)	İstinaf harfi (حرف استئناف)	حرف استیناف	Particule de reprise (حرف استئناف)
Restriction particle (Ḥaṣr)	সীমাবদ্ধতাসূচক অব্যয় (حرف حصر)	حرفِ حصر	सीमासूचक अव्यय (حرف حصر)	Partikel pembatas (حرف حصر)	Hasr edatı (حرف حصر)	حرف حصر	Particule de restriction (حرف حصر)
Particle of certainty	নিশ্চয়তাসূচক অব্যয় (حرف تحقيق)	حرفِ تحقیق	निश्चयसूचक अव्यय (حرف تحقيق)	Partikel penegas (حرف تحقيق)	Tahkik harfi (حرف تحقيق)	حرف تحقیق	Particule de certitude (حرف تحقيق)
Vocative (Nidāʾ)	সম্বোধনসূচক অব্যয় (حرف نداء)	حرفِ ندا	संबोधनसूचक अव्यय (حرف نداء)	Kata seru panggilan (حرف نداء)	Nida edatı (حرف نداء)	حرف ندا	Vocatif (حرف نداء)
Retraction particle (Iḍrāb)	প্রত্যাহারসূচক অব্যয় (حرف إضراب)	حرفِ اضراب	प्रत्याहारसूचक अव्यय (حرف إضراب)	Partikel peralihan (حرف إضراب)	İdrab harfi (حرف إضراب)	حرف اضراب	Particule de rétractation (حرف إضراب)
Exhortation particle	উৎসাহসূচক অব্যয় (حرف تحضيض)	حرفِ تحضیض	प्रेरणासूचक अव्यय (حرف تحضيض)	Partikel anjuran (حرف تحضيض)	Tahzîz harfi (حرف تحضيض)	حرف تحضیض	Particule d'exhortation (حرف تحضيض)
Future particle	ভবিষ্যৎসূচক অব্যয় (حرف استقبال)	حرفِ استقبال	भविष्यसूचक अव्यय (حرف استقبال)	Partikel masa depan (حرف استقبال)	Gelecek zaman harfi (حرف استقبال)	حرف استقبال	Particule du futur (حرف استقبال)
Attention particle (Tanbīh)	সতর্কতাসূচক অব্যয় (حرف تنبيه)	حرفِ تنبیہ	सावधानसूचक अव्यय (حرف تنبيه)	Partikel peringatan (حرف تنبيه)	Tenbih harfi (حرف تنبيه)	حرف تنبیه	Particule d'attention (حرف تنبيه)
Aversion particle	নিষেধ ও ভর্ৎসনাসূচক অব্যয় (حرف ردع)	حرفِ ردع	निषेध व फटकारसूचक अव्यय (حرف ردع)	Partikel sanggahan (حرف ردع)	Red' harfi (حرف ردع)	حرف ردع	Particule de réprobation (حرف ردع)
Form I	রূপ ১ (فَعَلَ)	ثلاثی مجرد (فَعَلَ)	रूप १ (فَعَلَ)	Bentuk I (فَعَلَ)	Sülâsî mücerred (فَعَلَ)	ثلاثی مجرد (فَعَلَ)	Forme I (فَعَلَ)
Form II	রূপ ২ (تَفْعِيل)	بابِ تفعیل	रूप २ (تَفْعِيل)	Bentuk II (تَفْعِيل)	Tef'îl babı (تَفْعِيل)	باب تفعیل	Forme II (تَفْعِيل)
Form III	রূপ ৩ (مُفَاعَلَة)	بابِ مفاعلہ	रूप ३ (مُفَاعَلَة)	Bentuk III (مُفَاعَلَة)	Mufâale babı (مُفَاعَلَة)	باب مفاعله	Forme III (مُفَاعَلَة)
Form IV	রূপ ৪ (إِفْعَال)	بابِ افعال	रूप ४ (إِفْعَال)	Bentuk IV (إِفْعَال)	İf'âl babı (إِفْعَال)	باب افعال	Forme IV (إِفْعَال)
Form V	রূপ ৫ (تَفَعُّل)	بابِ تفعّل	रूप ५ (تَفَعُّل)	Bentuk V (تَفَعُّل)	Tefa'ul babı (تَفَعُّل)	باب تفعّل	Forme V (تَفَعُّل)
Form VI	রূপ ৬ (تَفَاعُل)	بابِ تفاعل	रूप ६ (تَفَاعُل)	Bentuk VI (تَفَاعُل)	Tefâul babı (تَفَاعُل)	باب تفاعل	Forme VI (تَفَاعُل)
Form VII	রূপ ৭ (اِنْفِعَال)	بابِ انفعال	रूप ७ (اِنْفِعَال)	Bentuk VII (اِنْفِعَال)	İnfiâl babı (اِنْفِعَال)	باب انفعال	Forme VII (اِنْفِعَال)
Form VIII	রূপ ৮ (اِفْتِعَال)	بابِ افتعال	रूप ८ (اِفْتِعَال)	Bentuk VIII (اِفْتِعَال)	İftiâl babı (اِفْتِعَال)	باب افتعال	Forme VIII (اِفْتِعَال)
Form IX	রূপ ৯ (اِفْعِلَال)	بابِ افعلال	रूप ९ (اِفْعِلَال)	Bentuk IX (اِفْعِلَال)	İf'ilâl babı (اِفْعِلَال)	باب افعلال	Forme IX (اِفْعِلَال)
Form X	রূপ ১০ (اِسْتِفْعَال)	بابِ استفعال	रूप १० (اِسْتِفْعَال)	Bentuk X (اِسْتِفْعَال)	İstif'âl babı (اِسْتِفْعَال)	باب استفعال	Forme X (اِسْتِفْعَال)
