root,slug,word_count,occurrences,words_arabic,word_ids
أ-ل-ه,a-l-h,2,2846,اللَّه إِلٰه,wn_d17c1e23 wn_abe92721
ق-و-ل,q-w-l,5,1717,قَالَ قَوْل قِيل تَقَوَّلَ أَقاوِيل,wv_00a65124 wn_a01df28a wn_f370d74b wv_ed5ccac0 wn_6a874091
ك-و-ن,k-w-n,2,1385,كَانَ مَكان,wv_04785d3e wn_f6e16072
ر-ب-ب,r-b-b,3,979,رَبّ رَبّانِيِّن رِبِّيّ,wn_e6ca2b31 wn_9b530e90 wn_c11877ec
أ-م-ن,a-m-n,13,877,ءَامَنَ مُؤْمِن إِيمان مُؤْمِنَة أَمِنَ آمِن أَمِين أَمْن أَمانَة أَمانَت أَمَنَة آمِنَة اؤْتُمِنَ,wv_00b43df3 wn_980506cc wn_3045676f wn_910fa753 wv_8e99a639 wn_aa93a410 wn_eb15c784 wn_1b00dc5d wn_fe449177 wn_187d78d2 wn_5743dd44 wn_9a793ea6 wv_2d934290
ع-ل-م,e-l-m,13,852,عَلِمَ عَلِيم عِلْم عالَم أَعْلَم عَلَّمَ عالِم مَعْلُوم عَلّام مَعْلُومَة يَتَعَلَّمُ عَلامَة مُعَلَّم,wv_f458b080 wn_e7b30e02 wn_be3aba79 wn_8f21b16a wn_79f1cbb6 wv_6e525dbc wn_cdd71f6c wn_4e9355be wn_4af002be wn_08d7bf10 wv_28f1bad3 wn_4ded3282 wn_d2d2a8c3
ق-و-م,q-w-m,20,656,قَوْم قِيامَة أَقَامَ مُسْتَقِيم قَامَ قائِم مَقام مُقِيم اسْتَقامُ قائِمَة قَيِّم أَقْوَم قَوّام مُقام إِقام قَيِّمَة مُقامَة تَقْوِيم قَوام قِيَم,wn_528c9eed wn_6c296e0b wv_1a9570f9 wn_35f8864e wv_299f8504 wn_9014ebea wn_d99504cb wn_4b73deec wv_1b0082c6 wn_0f68ceb0 wn_f38d064e wn_04570ec4 wn_55a5d92d wn_d1d24a63 wn_92dcaa2c wn_b10201e0 wn_0785bcff wn_410cb285 wn_5389b923 wn_7edfd954
أ-ي-ي,a-y-y,2,597,آيَة أَيّ,wn_e8c05fbb wn_297772b8
أ-ت-ي,a-t-y,6,549,ءَاتَىٰ أَتَىٰ آتِي إِيتاء مَأْتِيّ مُؤْتي,wv_7a8c3881 wv_98678a73 wn_1f685d14 wn_e8f2ef73 wn_3535e963 wn_e5f4cd80
ك-ف-ر,k-f-r,13,525,كَفَرَ كافِر كُفْر كَفَّرَ كَفُور كَفّار كَفّارَة كُفُور كافُور كُفْران كَوافِر كافِرَة أَكْفَرَ,wv_b7bb1bd4 wn_449e4994 wn_dfad5b00 wv_f7955159 wn_24ca8ab0 wn_5e96e852 wn_32270351 wn_6b0fffbf wn_6e7bacd9 wn_91b2e161 wn_b048a4c4 wn_d495b13e wv_048dc2b6
ب-ي-ن,b-y-n,10,521,بَيْن مُبِين بَيِّنَة بَيَّنُ تَبَيَّنَ مُبَيِّنَة بَيان تِبْيان مُسْتَبِين يُبِينُ,wn_6082d2ba wn_fcecbe77 wn_87df02d6 wv_d0399eb5 wv_9af4a9e9 wn_6bbd7536 wn_a8d083fe wn_1f4ce517 wn_247b18cf wv_6bb1798c
ش-ي-أ,sh-y-a,2,519,شَىْء شَآءَ,wn_066488ec wv_f64af36b
ر-س-ل,r-s-l,6,512,رَسُول أَرْسَلَ مُرْسَل رِسالَة مُرْسِل مُرْسِلَة,wn_ace6bd38 wv_4255696c wn_17e84279 wn_ec512e0a wn_31f91969 wn_f3f2f398
ي-و-م,y-w-m,1,475,يَوْم,wn_fb5adb18
أ-ر-ض,a-r-d,1,461,أَرْض,wn_b159606a
س-م-و,s-m-w,6,381,سَماء اسْم مُسَمًّى سَمَّىٰ سَمِيّ تَسْمِيَة,wn_22840c70 wn_9ea8f76c wn_e245c0c1 wv_4fdb2272 wn_436dbd1a wn_062086b7
ك-ل-ل,k-l-l,4,377,كُلّ كُلَّما كَلالَة كَلّ,wn_4335a408 wn_cdd463fe wn_7b5188c0 wn_96d88d3f
ع-ذ-ب,e-dh-b,4,369,عَذاب عَذَّبَ مُعَذِّب عَذْب,wn_101a3e5d wv_84bcefb1 wn_dbaf9d50 wn_de37ceeb
ع-م-ل,e-m-l,4,360,عَمِلَ عَمَل عامِل عامِلَة,wv_562814cb wn_a91764f4 wn_4aaf3e9b wn_ab20a30e
ج-ع-ل,j-e-l,2,346,جَعَلَ جاعِل,wv_670557db wn_53340ad7
ر-ح-م,r-h-m,8,338,رَحِيم رَحْمَة رَحْمٰن رَحِمَ أَرْحام راحِم أَرْحَم رُحْم,wn_eb9f77e8 wn_44328b7a wn_9c021e8e wv_ee360106 wn_c56bc84d wn_a05de037 wn_7c0b3526 wn_8c5e10ed
أ-ن-س,a-n-s,6,337,ناس إِنسان إِنس ءَانَسَ إِنسِيّ تَسْتَأْنِسُ,wn_a49d2ab8 wn_d40cfa88 wn_e33985c8 wv_a6204b6f wn_bc88759d wv_51885ff1
ر-أ-ي,r-a-y,8,328,رَءَا أَرَيْ رُءْيا رِئاء رَأْى تَراءَتِ يُراءُ رِءْي,wv_b10d2e10 wv_4a2045c1 wn_bf0cffb4 wn_179bb21d wn_cd0feb9b wv_2817f942 wv_e6841d1c wn_a15b1d28
ك-ت-ب,k-t-b,4,316,كِتاب كَتَبَ كاتِب مَكْتُوب,wn_81178dc6 wv_f6a39d0b wn_810dedc3 wn_ff074bea
ه-د-ي,h-d-y,9,314,هَدَىٰ هُدًى ٱهْتَدَىٰ مُهْتَدي هَدْي هاد أَهْدَى هادِي مُهْتَد,wv_3c9c88e0 wn_1bafa5ba wv_6618b7f1 wn_55699fc7 wn_20cec30c wn_53ffbcfc wn_cb27c21d wn_a0eef103 wn_f093e49d
ظ-ل-م,z-l-m-2,10,308,ظالِم ظَلَمَ ظُلُمَة ظُلْم أَظْلَم ظالِمَة ظالِمِي مُظْلِم مَظْلُوم أَظْلَمَ,wn_cc930a4b wv_1b711d15 wn_3cb966ea wn_753dbdde wn_7e90f564 wn_df2f9460 wn_e7636bd9 wn_eb5d6b6f wn_69f68092 wv_823211a8
ن-ف-س,n-f-s,3,297,نَفْس مُتَنافِس تَنَفَّسَ,wn_13329554 wn_5b265928 wv_408d9929
ق-ب-ل,q-b-l,12,293,قَبْل تَقَبَّلَ يَقْبَلُ أَقْبَلَ قِبْلَة مُتَقابِل قِبَل قُبُل قَبِيل مُسْتَقْبِل قَبائِل قابِل,wn_4cab2485 wv_e125f5fe wv_58c36bfd wv_86be9954 wn_a03e8cb8 wn_51064db8 wn_e5397ea4 wn_e00c271a wn_12f20e5e wn_0d651257 wn_14df2d0d wn_c620d365
ذ-ك-ر,dh-k-r,13,291,ذَكَرَ ذِكْر تَذَكَّرَ ذِكْرَى ذَكَر ذُكِّرَ تَذْكِرَة مُدَّكِر ذاكِر مَذْكُور مُذَكِّر ذاكِرَة ٱدَّكَرَ,wv_82c00ac6 wn_18abf1f0 wv_10dfd764 wn_a4ea3d3c wn_47712347 wv_438369db wn_9632c335 wn_f06cd912 wn_3a1af401 wn_2fea05f2 wn_cfc7ccbe wn_d6e42ec1 wv_4b57a42a
ن-ز-ل,n-z-l,10,291,أَنزَلَ نَزَّلَ تَنزِيل نُزُل تَنَزَّلَتْ نَزَلَ مُنزِل مَنازِل مُنزَل مُنَزَّل,wv_767353d2 wv_66f8d0e7 wn_9b6eaf02 wn_483de43a wv_26228a92 wv_49ecef94 wn_376eeaf3 wn_75424270 wn_91d2c56f wn_3572f068
ح-ق-ق,h-q-q,7,287,حَقّ حَقَّ أَحَقّ يُحِقَّ حاقَّة ٱسْتَحَقَّ حَقِيق,wn_64fda340 wv_1dda0db6 wn_0c53393d wv_5cceb7fd wn_465cd271 wv_026506db wn_b608f3a2
ك-ذ-ب,k-dh-b,8,281,كَذَّبَ كَذِب كاذِب مُكَذِّب كَذَبَ كَذّاب كِذّاب تَكْذِيب,wv_882821b0 wn_b67cb631 wn_342357fb wn_fdc0db1d wv_76669660 wn_860dcc21 wn_1c7bf79b wn_31f825cc
ج-ي-أ,j-y-a,1,278,جَآءَ,wv_1ec1eabc
أ-خ-ذ,a-kh-dh,6,272,أَخَذَ ٱتَّخَذَ يُؤاخِذُ أَخْذ مُتَّخِذ آخِذ,wv_1df44b78 wv_726d9aa4 wv_5cfc7a53 wn_fe2eaa42 wn_1f327bcd wn_5bc35f59
ع-ب-د,e-b-d,5,266,عَبْد عَبَدَ عابِد عابِدَة عَبَّد,wn_8c7c255d wv_b5341e95 wn_9cb7360a wn_ec2f69d8 wv_608a1269
خ-ل-ق,kh-l-q,8,261,خَلَقَ خَلْق خالِق خَلاق خُلُق خَلّاق مُخَلَّقَة اخْتِلاق,wv_4c85b76b wn_76d0a9e5 wn_4f446dd2 wn_82f878a3 wn_ac14f9e7 wn_baaf2889 wn_ed9a52fd wn_734f7a48
و-ق-ي,w-q-y,8,258,ٱتَّقَىٰ مُتَّقي تَقْوَى وَقَىٰ تَقِيّ واق أَتْقَى تُقاة,wv_bc2ae729 wn_72f49440 wn_e5592a67 wv_8ae0dfd1 wn_c71c56ad wn_bd1d368a wn_5c7223fe wn_e42dcdd4
أ-م-ر,a-m-r,5,247,أَمْر أَمَرَ يَأْتَمِرُ آمِر إِمْر,wn_cfc75a93 wv_be9f6b41 wv_0527d14f wn_4c0c7cbc wn_a2ec47eb
أ-خ-ر,a-kh-r,5,244,آخِر آخَر أَخَّرَ تَأَخَّرَ مُسْتَأْخِر,wn_e9551a08 wn_ea138623 wv_8848ec05 wv_1474a8d6 wn_cfaff8d6
ب-ع-د,b-e-d,6,235,بَعْد بَعِيد بُعْد بَعُدَتْ مُبْعَد باعِدْ,wn_eda0704b wn_5ea369f6 wn_c8f1f503 wv_233d7028 wn_c4f9cb91 wv_12c3ee00
غ-ف-ر,gh-f-r,8,233,غَفُور غَفَرَ ٱسْتَغْفَرَ مَغْفِرَة غَفّار غافِر مُسْتَغْفِر اسْتِغْفار,wn_549a9405 wv_4e5bc56b wv_f0b09595 wn_8e089490 wn_19970cfe wn_ce0127bc wn_30d0af13 wn_748b6b25
و-ل-ي,w-l-y,8,229,وَلِيّ تَوَلَّىٰ وَلَّىٰ مَوْلَى أَوْلَى مَوالِي وَلايَت أَوْلَيان,wn_7ec248d1 wv_3bceaeaf wv_87b66e8e wn_1a38ea29 wn_2c9ccb3b wn_e0283e92 wn_0eefefaf wn_adb27afe
د-ع-و,d-e-w,6,208,دَعَا دُعاء دَعْوَة داعِي داع يَدَّعُ,wv_ebda2f43 wn_bad3db36 wn_e6da65ba wn_9b5b5baa wn_72a1f822 wv_e97a0c27
ح-ك-م,h-k-m,9,206,حَكِيم حَكَمَ حُكْم حِكْمَة حاكِم حَكَم أَحْكَم مُحْكَمَة أُحْكِمَتْ,wn_76312283 wv_c9041189 wn_0a09e637 wn_da5c7710 wn_9da7c580 wn_b675f717 wn_6d17928c wn_ec76a80e wv_0d134108
م-ل-ك,m-l-k,8,205,مَلَك مُلْك مَلَكَتْ مَلِك مالِك مَلَكُوت مَمْلُوك مَلِيك,wn_da9f125c wn_75358335 wv_76fe5633 wn_d0df8488 wn_0b79d918 wn_e874697c wn_12af17b6 wn_833a133f
ج-ن-ن,j-n-n,8,201,جَنَّة جِنّ مَجْنُون جِنَّة جانّ جُنَّة أَجِنَّة جَنَّ,wn_6a8fbf22 wn_cb80335b wn_cbd98aeb wn_4296a875 wn_4e3a4119 wn_b484caf4 wn_47ceedd4 wv_418f60c7
ع-ن-د,e-n-d,2,201,عِند عَنِيد,wn_10264649 wn_20334c54
خ-ي-ر,kh-y-r,5,196,خَيْر خَيْرَة ٱخْتَارَ خِيَرَة يَتَخَيَّرُ,wn_7dd43445 wn_dfb073ed wv_eeea0f86 wn_a36ad6b2 wv_23bd50dc
ن-و-ر,n-w-r,3,194,نار نُور مُنِير,wn_70eaa3f6 wn_f287ec13 wn_13b73c60
ح-س-ن,h-s-n,10,193,مُحْسِن أَحْسَن حَسَنَة حَسَن أَحْسَنَ حُسْنَى حُسْن إِحْسان حَسُنَ حُسْنَيَيْن,wn_284c1dee wn_3539fb45 wn_93094e09 wn_39543a24 wv_53c8af8b wn_4518cad7 wn_c0bb3c17 wn_c7cd77a6 wv_478d7d99 wn_0c8fb363
ض-ل-ل,d-l-l-2,7,190,أَضَلَّ ضَلَّ ضَلال ضالّ ضَلالَة أَضَلّ مُضِلّ,wv_25c8bcda wv_414cf1db wn_4a779a19 wn_08cd7a17 wn_2accf9b3 wn_313ec537 wn_b161beb0
ب-ن-ي,b-n-y,9,184,بُنَىّ ابْن بِنْت بَنَىٰ بُنْيان ابْنَت بِناء بَنّاء مَبْنِيَّة,wn_87c57d60 wn_fe798d7b wn_70fef0b0 wv_75441a79 wn_958f48a1 wn_b4f205b2 wn_cc8bfa9d wn_3834e353 wn_8f159636
ح-ي-ي,h-y-y,10,184,حَياة أَحْيَا حَيّ يَسْتَحْىِۦ حَىَّ تَحِيَّة يَحْيَى حَيَّ حَيَّة حَيَوان,wn_72b19012 wv_66de5541 wn_3e0cbd1f wv_6df63343 wv_58c77e82 wn_e209eaf3 wn_4c6a4ddd wv_1640524b wn_6f01fe16 wn_d1d17a4b
س-م-ع,s-m-e,6,180,سَمِعَ سَمِيع سَمْع ٱسْتَمَعَ أَسْمَعَ سَمّاع,wv_cf19a1da wn_e4c348cc wn_b153b7b4 wv_d8a3043c wv_9ced2c20 wn_d4aa5fd9
ص-ل-ح,s-l-h,7,180,صالِح صالِحَة أَصْلَحَ إِصْلاح مُصْلِح صُلْح صَلَحَ,wn_171c381d wn_7857cd25 wv_afbc94e9 wn_45a12304 wn_4606e72e wn_1c4f63a1 wv_4239749f
خ-ر-ج,kh-r-j,10,179,أَخْرَجَ خَرَجَ إِخْراج مُخْرَج خُرُوج ٱسْتَخْرَجَ مُخْرِج خَرْج خَراج مَخْرَج,wv_b2039839 wv_3c3968d9 wn_63526c2b wn_3eec4d1c wn_8e0c6cf3 wv_73fdeb4a wn_1bd9b078 wn_0165851d wn_4c186735 wn_5ac95fa2
س-ب-ل,s-b-l,1,176,سَبِيل,wn_b042b597
ت-ب-ع,t-b-e,9,172,ٱتَّبَعَ أَتْبَعَ تَبِعَ تابِع مُتَتابِعَيْن اتِّباع مُتَّبَع تَبَع تَبِيع,wv_c71e7179 wv_e0f34c07 wv_31cd53e1 wn_84db6223 wn_09a2cc0f wn_585c8c9a wn_690dae0b wn_96980614 wn_899a5e0a
ق-ت-ل,q-t-l,7,169,قَتَلَ قَٰتَلَ قِتال قَتْل ٱقْتَتَلَ قُتِّلُ تَقْتِيل,wv_4c74aa32 wv_6efd46c7 wn_fb57a299 wn_df20a55a wv_6954c930 wv_bd2dd5e0 wn_89b19309
م-ث-ل,m-th-l,6,168,مَثَل مِثْل تَماثِيل مَثُلَة مُثْلَى تَمَثَّلَ,wn_cd55808b wn_35ee9e15 wn_9ffcccdf wn_341e592d wn_6ae72175 wv_1e303adc
س-و-أ,s-w-a,10,167,سَيِّئَة سُوء سَآءَ سَوْء سَوْءَة أَسَآءَ سَيِّئ أَسْوَأ سُوٓأَى مُسِيء,wn_b7b85027 wn_00aadc6d wv_dce2ad9b wn_0917fcb2 wn_0a9429ee wv_d808a4d0 wn_8d0704d8 wn_32d456af wn_6aa30aef wn_87c2e9eb
ش-ر-ك,sh-r-k,6,167,أَشْرَكَ مُشْرِك شَرِيك شِرْك مُشْرِكَة مُشْتَرِك,wv_eb1ab82a wn_99bee912 wn_1d0153f1 wn_ec7ae976 wn_f00adb0f wn_fd52d1b2
ق-ل-ب,q-l-b,8,167,قَلْب ٱنقَلَبَ قَلَّبُ تَقَلُّب مُنقَلِب مُنقَلَب تُقْلَبُ تَتَقَلَّبُ,wn_113ae4a5 wv_fb0dcfb7 wv_031c07ea wn_f68dc294 wn_bfbfc7a0 wn_5937c87b wv_4d0c338b wv_8e74407d
ك-ث-ر,k-th-r,9,166,أَكْثَر كَثِير كَثِيرَة اسْتَكْثَرْ كَثْرَة تَكاثُر أَكْثَرُ كَثُرَ كَوْثَر,wn_1f9dda43 wn_975c46ae wn_621dd2cc wv_4bb9b135 wn_59ce127f wn_bc8d7ad7 wv_7ebd5dce wv_97b99ce6 wn_28e8eced
م-و-ت,m-w-t,8,165,مَوْت مَّاتَ مَيِّت أَمَاتَ مَيْتَة مَيْت مَمات مَوْتَت,wn_82a99686 wv_3bb85999 wn_e26df6eb wv_969237e6 wn_2fc29344 wn_69363b05 wn_22539d1c wn_c193260a
ش-ه-د,sh-h-d,8,160,شَهِيد شَهِدَ شَهادَة شاهِد أَشْهَدَ مَشْهُود اسْتَشْهِدُ مَشْهَد,wn_aef22ac2 wv_9a339129 wn_a89581ff wn_e8bc1fd3 wv_570c0fb7 wn_9e503dc2 wv_cffe1b7f wn_8d9e1577
ك-ب-ر,k-b-r,16,159,كَبِير ٱسْتَكْبَرَ أَكْبَر كَبُرَ مُتَكَبِّر كَبِيرَة كُبْرَى كِبَر مُسْتَكْبِر كَبِّرْ اسْتِكْبار كِبْرِياء كِبْر يَتَكَبَّرُ كُبّار تَكْبِير,wn_a8dd882f wv_f511a3a7 wn_f8c991fa wv_b69b3fb1 wn_1a144319 wn_7f13960b wn_dafc39ed wn_11173843 wn_901a1c89 wv_78a9625a wn_0628576c wn_14520994 wn_bdf69ea8 wv_6491f3b5 wn_1b176496 wn_c1d96ea1
ب-ع-ض,b-e-d-2,1,157,بَعْض,wn_d1f11f0c
ن-ب-أ,n-b-a,4,155,نَبِيّ نَبَّأَ نَبَأ نُبُوَّة,wn_7ecffae0 wv_714542c9 wn_0aba45ff wn_8ccda36c
ن-ص-ر,n-s-r-2,8,155,نَصَرَ نَصِير نَصْر نَصْرانِيّ ناصِر ٱنتَصَرَ مُنتَصِر مَنصُور,wv_2bca27a9 wn_f775d16f wn_6a6d2acd wn_137e15f7 wn_b1ff96dc wv_75dda4ad wn_0590f4da wn_d8c25090
ص-د-ق,s-d-q,17,154,صادِق مُصَدِّق صَدَقَ صِدْق صَدَقَة صَدَّقَ تَصَدَّقَ صِدِّيق تَصْدِيق أَصْدَق صَدِيق مُتَصَدِّق مُصَّدِّقَة صادِقَة مُتَصَدِّقَة مُصَّدِّق صِدِّيقَة,wn_6e7d84ae wn_54da6504 wv_cf4e3808 wn_5dfe8444 wn_c5996170 wv_9f3f4877 wv_7e9fb49a wn_89d8e24d wn_026b9f12 wn_85f42e04 wn_b16e290e wn_ce954062 wn_39e593fd wn_66dabdf5 wn_961e8634 wn_b30cba42 wn_c5c6f6cf
غ-ي-ر,gh-y-r,3,152,غَيْر يُغَيِّرُ مُغِيرَة,wn_95fee760 wv_1e0afb19 wn_e0058c55
و-ع-د,w-e-d,8,149,وَعَدَ وَعْد مَوْعِد وَعِيد مِيعاد واعَدْ مَوْعُود تُوعِدُ,wv_f19cfb0c wn_a0b68a7a wn_5cd40cf3 wn_7dd2bdc4 wn_eab3808f wv_8f578c81 wn_dd0d75a3 wv_2c583ace
ر-و-د,r-w-d,3,148,أَرَادَ راوَدُ رُوَيْد,wv_838a5f98 wv_a8adfed4 wn_cb4da051
ب-ص-ر,b-s-r-2,9,147,بَصِير بَصَر أَبْصَرَ بَصِيرَة مُبْصِر مُبْصِرَة بَصُرَتْ مُسْتَبْصِر تَبْصِرَة,wn_838c9594 wn_48a7d88a wv_82ed5cdd wn_0a9c5b1d wn_6a9aff05 wn_c9b2470b wv_deb41341 wn_2360a4a7 wn_24ef00c8
د-و-ن,d-w-n,1,144,دُون,wn_9a5513db
ل-ق-ي,l-q-y,12,141,أَلْقَىٰ لِقاء لَقُ ٱلْتَقَى لَقَّىٰ مُلاقُوا تَلَقَّىٰٓ مُلْقي تِلْقاء يُلاقُ تَلاق مُلْقِيَة,wv_c3ab3798 wn_d3b5ea48 wv_8b8d339d wv_1094306b wv_0605e6d0 wn_0380761f wv_78631579 wn_42e2234d wn_6db048bc wv_56df9987 wn_03c268e6 wn_2c9a9952
ن-ع-م,n-e-m,9,140,نِعْمَة نَعَم نِعْمَ نَعِيم أَنْعَمَ نَعْمَة نَعْماء ناعِمَة نَعَّمَ,wn_db3eba21 wn_bb9d9330 wv_831ff367 wn_27f6b0e8 wv_429e12e6 wn_902784fc wn_0c62e90b wn_bd74e27a wv_4cc55a33
س-ل-م,s-l-m,13,137,سَلام مُسْلِم أَسْلَمَ إِسْلام سَلَّمَ سَلَم مُسَلَّمَة مُسْلِمَة تَسْلِيم سُلَّم سَلِيم سالِم مُسْتَسْلِم,wn_d08bc914 wn_ece308e2 wv_2e4af30f wn_79876e5f wv_b5751131 wn_70431cad wn_4bca27c7 wn_b1c3a1c1 wn_fb552da7 wn_9d919d31 wn_e3a7c117 wn_5a75163c wn_f7f03a41
د-ن-و,d-n-w,5,133,دُنْيا أَدْنَى دانِيَة دَنَا دان,wn_8a33979c wn_101fa8b3 wn_d92b1b34 wv_3d02e7db wn_b36ef4f9
ج-م-ع,j-m-e,11,129,جَمِيع أَجْمَع جَمَعَ جَمْع أَجْمَعُ جامِع مَجْمُوع مَجْمَع اجْتَمَعُ مُجْتَمِع جُمُعَة,wn_d883bf26 wn_c88818d3 wv_9c4e94c1 wn_8f49fca1 wv_9a73c3f2 wn_0ac6aeff wn_89b26e4e wn_8e708823 wv_b251baca wn_7df8e4b8 wn_f7c403f1
ط-و-ع,t-w-e,10,129,أَطَاعَ ٱسْتَطَاعَ طَوْع طاعَة يُطاعُ تَطَوَّعَ طائِع مُطَّوِّع مُطاع طَوَّعَتْ,wv_aa446bfc wv_5e7505a4 wn_b17c6ff7 wn_c0343f81 wv_da362f86 wv_e96bfeff wn_0438d7fb wn_76e124ca wn_d4a91ffc wv_836a9e01
ق-د-ر,q-d-r,10,129,قَدِير قَدَرَ قَدَّرَ قادِر قَدَر قَدْر تَقْدِير مُقْتَدِر مَقْدُور قُدُور,wn_4fcd2866 wv_555a4713 wv_cc9d88d0 wn_4bce7608 wn_289f3810 wn_950a2981 wn_80b6ae75 wn_bb352470 wn_66fe3389 wn_b8504636
ن-ظ-ر,n-z-r,10,129,نَظَرَ يُنظَرُ يَنتَظِرُ مُنتَظِر مُنظَر ناظِر ناظِرَة نَظِرَة نَظْرَة نَظَر,wv_44c523bb wv_68c15a8a wv_f863b633 wn_0e2217a1 wn_728ba150 wn_6577c1f5 wn_1e9b8a6e wn_420f52df wn_b6086862 wn_f9ecebb4
ع-ظ-م,e-z-m-2,6,128,عَظِيم عِظام أَعْظَم عَظْم يُعَظِّمْ يُعْظِمْ,wn_5e950ac9 wn_729a8245 wn_f2ff89fa wn_c8c51448 wv_8607846c wv_2f0d47e2
أ-ه-ل,a-h-l,1,127,أَهْل,wn_994d7189
س-أ-ل,s-a-l,4,127,سَأَلَ يَتَساءَلُ سائِل مَسْئُول,wv_ddf0a703 wv_41f597f6 wn_becb09fc wn_3002764c
ن-ذ-ر,n-dh-r,6,127,نَذِير أَنذَرَ مُنذِر مُنذَر نَذَرْ نُذْر,wn_1bc1f304 wv_c7dcd7af wn_86cf3b9f wn_d2530653 wv_592a0448 wn_f66e64b3
د-خ-ل,d-kh-l,6,126,دَخَلَ أُدْخِلَ مُدْخَل داخِل دَخَل مُدَّخَل,wv_1ca4c131 wv_24e4f4c4 wn_e35247d3 wn_44cd0f9d wn_addf0864 wn_ec63a19f
ع-د-و,e-d-w,10,126,عَدُوّ عاد ٱعْتَدَىٰ عُدْوان مُعْتَدي عَداوَة مُعْتَد يَتَعَدَّ يَعْدُ عَدْو,wn_d1b85f51 wn_c61795a4 wv_a321b2b1 wn_08d21eea wn_74a0fdaf wn_954a87ef wn_c4a1e1c1 wv_17154003 wv_87f192d1 wn_39f7b3be
أ-و-ل,a-w-l,3,125,أَوَّل آل تَأْوِيل,wn_2fb13775 wn_f22c7a8c wn_f6737ba2
خ-و-ف,kh-w-f,6,123,خَافَ خَوْف خِيفَة يُخَوِّفُ خائِف تَخْوِيف,wv_5536bfac wn_9f6229f2 wn_dbe349a6 wv_5e37babc wn_76874194 wn_69025f5d
ر-ز-ق,r-z-q,4,123,رَزَقَ رِزْق رازِق رَزّاق,wv_2afed9e0 wn_13e6b9da wn_564df9ca wn_5d079858
ب-ش-ر,b-sh-r,10,121,بُشِّرَ بَشَر بُشْرَى مُبَشِّر بَشِير يَسْتَبْشِرُ بُشْر مُبَشِّرَة مُسْتَبْشِرَة أَبْشِرُ,wv_25ee2cca wn_8cf21d99 wn_95c53a12 wn_c3f74027 wn_c72ee7cb wv_971320c6 wn_4fbac88f wn_1e77cf96 wn_7d7f7814 wv_8f4140f3
خ-ل-ف,kh-l-f,15,121,ٱخْتَلَفَ خَلْف أَخْلَفُ مُخْتَلِف خَلِيفَة اخْتِلاف خِلاف ٱسْتَخْلَفَ خَلَفَ خَوالِف يُخالِفُ خِلْفَة مُخْلِف خالِف مُسْتَخْلَف,wv_075ab2ec wn_45096af9 wv_cf94f7c2 wn_9ea9a8a3 wn_8dbb946b wn_cf17fcc7 wn_75bac1a6 wv_5ff127b2 wv_d73b5659 wn_54efea02 wv_e426bee9 wn_09dc72c9 wn_65a477eb wn_96fc84d2 wn_b11ffabd
ي-د-ي,y-d-y,1,120,يَد,wn_8aa64d78
ع-ز-ز,e-z-z,7,119,عَزِيز عِزَّة أَعَزّ عِزّ الْعُزَّى تُعِزُّ عَزَّزْ,wn_e7ae09b8 wn_31164503 wn_355f1af6 wn_0983a2b9 wn_939f3bef wv_84504c29 wv_fe475b3d
أ-م-م,a-m-m,5,118,أُمَّة أُمّ إِمام أُمِّيّ آمّ,wn_117d16e0 wn_6a59a34f wn_89e201b4 wn_6d7bee7b wn_b9daa499
ج-ز-ي,j-z-y,3,116,جَزَىٰ جَزاء جِزْيَة,wv_c4887285 wn_0b42a79e wn_9150e417
ن-ف-ق,n-f-q,9,111,أَنفَقَ مُنافِق مُنافِقَة نِفاق نَفَقَة نافَقُ إِنفاق مُنفِق نَفَق,wv_9bad3da8 wn_620a8dcd wn_65dd1032 wn_2cb28b37 wn_58af6563 wv_6aaf0c36 wn_0beae428 wn_ac7043a9 wn_d8fb80a9
ن-ه-ر,n-h-r-2,2,111,نَهار نَهَر,wn_d6ccd854 wn_80646b8c
أ-ب-و,a-b-w,2,110,آباء أَب,wn_3998abc6 wn_63d80f69
ف-ع-ل,f-e-l,5,107,فَعَلَ فاعِل مَفْعُول فَعّال فِعْل,wv_7159bf7c wn_92802b68 wn_cc33cbd0 wn_8ef33e3b wn_5cd17688
أ-ك-ل,a-k-l,5,106,أَكَلَ أُكُل أَكْل أَكّال مَأْكُول,wv_c19b5598 wn_b757d894 wn_5c862bdd wn_0be7a184 wn_0f8432ad
و-ج-د,w-j-d,1,106,وَجَدَ,wv_5017b263
أ-ج-ر,a-j-r,1,105,أَجْر,wn_3911e02d
ص-ب-ر,s-b-r,7,103,صَبَرَ صابِر صَبْر صَبّار اصْطَبِرْ صابِرَة صابِرُ,wv_1540974c wn_de38de63 wn_4d413a6a wn_97a6ba80 wv_299345ec wn_79e46186 wv_f14b12f6
ف-ض-ل,f-d-l,3,103,فَضْل فَضَّلَ تَفْضِيل,wn_be7a2109 wv_137e6b90 wn_56ce420c
ص-ل-و,s-l-w-2,4,99,صَلاة صَلَّىٰ مُصَلّي مُصَلًّى,wn_540e4fea wv_92dded11 wn_8dc357c7 wn_b1b79fdf
د-ي-ن,d-y-n,3,98,دِين دَيْن تَدايَن,wn_62aaeae1 wn_0c2185d0 wv_66bb5ccf
أ-خ-و,a-kh-w,3,96,أَخ أُخْت إِخْوَة,wn_a71a8a21 wn_851b7aa9 wn_2aaea267
ص-ح-ب,s-h-b-2,4,95,أَصْحاب صاحِب صاحِبَة يُصْحَبُ,wn_1c51e11c wn_c281bdc3 wn_a08870f4 wv_c2221dcc
ح-ب-ب,h-b-b,8,94,أَحْبَبْ حُبّ حَبّ حَبَّة اسْتَحَبُّ أَحَبّ مَحَبَّة حَبَّبَ,wv_4ea0b9d1 wn_165adba5 wn_3dea6fe0 wn_4588315e wv_9c2e0670 wn_9820c151 wn_4ea27af0 wv_0d35b4b5
ش-د-د,sh-d-d,4,94,شَدِيد أَشَدّ شَدَدْ اشْتَدَّتْ,wn_8192a9b3 wn_c731fd23 wv_e87c445f wv_2454d9e5
ب-غ-ي,b-gh-y,6,92,ٱبْتَغَىٰ بَغَىٰ ابْتِغاء بَغْي يَنۢبَغِي بَغِيّ,wv_7a7e35f9 wv_55f63041 wn_845af2ba wn_31d7be01 wv_094d4fa7 wn_d2c4df47
ح-س-ب,h-s-b,5,92,حَسِبَ حِساب حَسِيب حُسْبان حاسِب,wv_9e8b0a25 wn_dd6665d3 wn_efb0d352 wn_0a155c91 wn_210ef46d
س-ج-د,s-j-d,4,92,سَجَدَ مَسْجِد ساجِد سُجُود,wv_6099a552 wn_38ee1c33 wn_8a592391 wn_aa1f6319
ل-ي-ل,l-y-l,2,92,لَيْل لَيْلَة,wn_f7c4ee5d wn_0e3cb55d
و-ل-د,w-l-d,6,92,وَلَد والِد وَلَدَ وَلِيد مَوْلُود والِدَة,wn_d6893518 wn_c82733cd wv_9006f015 wn_01c7bbea wn_11121f5b wn_c2ba00f8
س-ب-ح,s-b-h,5,89,سَبَّحَ سُبْحان مُسَبِّح سَبْح يَسْبَحُ,wv_b0d3c5b2 wn_b6d72512 wn_08d71bf0 wn_45f53731 wv_5f341b76
ل-ي-س,l-y-s,1,89,لَيْسَ,wv_e270972b
ش-ط-ن,sh-t-n,1,88,شَيْطان,wn_06535294
خ-ل-د,kh-l-d,6,87,خالِد خُلْد مُخَلَّد يَخْلُدْ أَخْلَدَ خُلُود,wn_f0b5336d wn_14475f8c wn_06ad5d76 wv_2d8c503e wv_f84666c3 wn_e5d5399b
ر-ج-ع,r-j-e,4,87,رَجَعَ راجِع رَجْع رُجْعَى,wv_cc30127d wn_b8b55245 wn_ae8fa543 wn_b8fcda9d
ق-ر-أ,q-r-a,3,87,قُرْءان قَرَأَ قُرُوء,wn_3e448ca2 wv_3b58cd1a wn_e810bffc
ت-و-ب,t-w-b,6,86,تَابَ تَوّاب تَوْبَة مَتاب تائِب تائِبَة,wv_48842967 wn_2b133a0c wn_f1462d45 wn_f2abb9ce wn_09c35157 wn_0e173afe
م-و-ل,m-w-l,1,86,مال,wn_8718ac34
أ-ح-د,a-h-d,2,85,أَحَد إِحْدَى,wn_8f067fe5 wn_4253ae86
ق-ر-ب,q-r-b,9,84,قَرِيب أَقْرَب قُرْبَى مُقَرَّب قَرَّبَ ٱقْتَرَبَ قُرْبان قُرُبَة قُرْبَة,wn_33887fda wn_75e46eff wn_678270cc wn_ddffb189 wv_205ef844 wv_9f4f7ddb wn_8501c374 wn_b723160e wn_d5962209
ح-ر-م,h-r-m,6,83,حَرَّمَ حَرام مَحْرُوم مُحَرَّم حُرُمَة مُحَرَّمَة,wv_b5fedb76 wn_18297d7f wn_5070542a wn_ad5d6aca wn_bdba4c62 wn_1ec9de69
ك-ي-ف,k-y-f,1,83,كَيْف,wn_4952a7a8
س-و-ي,s-w-y,6,82,ٱسْتَوَىٰ سَواء سَوَّىٰ سَوِيّ سُوًى تُسَوَّى,wv_0ea0c45f wn_a9985fd8 wv_9a3e99a8 wn_d8ff4eb4 wn_6fc4a3a1 wv_179d6de7
ز-و-ج,z-w-j,2,81,زَوْج زُوِّجَتْ,wn_64428fd1 wv_14665ea6
ن-ج-و,n-j-w,8,81,نَجَّىٰ أَنجَىٰ نَجْوَى تَناجَيْ نَجِيّ نَجَا ناج ناجَيْ,wv_ff34d95e wv_de46f4db wn_d1068c0c wv_63a366ac wn_172b7e6f wv_427d3ea9 wn_e0ab92c9 wv_9a8ac7b9
ع-ر-ض,e-r-d,9,78,أَعْرَضَ مُعْرِض عَرَضَ عَرَض عَرْض إِعْراض عارِض عُرْضَة عَرِيض,wv_6a201b4e wn_687aaaef wv_58fdfcb9 wn_1f6a9b7b wn_8ea712aa wn_c3a4f781 wn_f92acda4 wn_6b9d9550 wn_b3d2b424
و-ح-ي,w-h-y,2,78,أَوْحَىٰٓ وَحْى,wv_4826e197 wn_c0febbc6
و-ج-ه,w-j-h,4,77,وَجْه وَجِيه وَجَّهْ تَوَجَّهَ,wn_e92e93c4 wn_806c48ae wv_7392aab9 wv_c2cb7fe7
ب-ل-غ,b-l-gh,7,76,بَلَغَ بَلاغ بالِغ بَلَّغْ أَبْلَغُ بالِغَة بَلِيغ,wv_b757a63e wn_b18c4160 wn_57868583 wv_db20969b wv_13f34de5 wn_1427ce8e wn_f0cb33ba
أ-ل-م,a-l-m,2,75,أَلِيم يَأْلَمُ,wn_388e3cfc wv_a9a72db3
ش-ك-ر,sh-k-r,6,75,شَكَرَ شاكِر شَكُور شُكُور مَشْكُور شُكْر,wv_c29c4d82 wn_582cc3c4 wn_110f93e9 wn_2000df45 wn_e90d59ef wn_3373d557
ص-و-ب,s-w-b,3,75,أَصَابَ مُصِيبَة صَواب,wv_39f0e9df wn_99d4b00e wn_91848e12
ق-ل-ل,q-l-l,5,75,قَلِيل أَقَلّ قَلِيلَة قَلَّ أَقَلَّتْ,wn_01781d10 wn_819de857 wn_b5f3de87 wv_a35c1e61 wv_eeae55f7
ك-ل-م,k-l-m,6,75,كَلِمَة كَلَّمَ كَلِم كَلام يَتَكَلَّمُ تَكْلِيم,wn_e308d1d0 wv_254538c7 wn_9494a2cc wn_b4e3d2eb wv_aac220ea wn_3d41dcaf
غ-ن-ي,gh-n-y,5,73,أَغْنَتْ غَنِيّ أَغْنَىٰ ٱسْتَغْنَىٰ مُغْني,wv_f135f285 wn_482062f3 wv_ae57622a wv_0b8ea6b2 wn_70abb874
ب-ي-ت,b-y-t,3,72,بَيْت بَيَّتَ بَيات,wn_2d99d8e5 wv_163bcde0 wn_bded0d5c
ر-ج-ل,r-j-l,3,72,رَجُل رِجال رِجْل,wn_86159f27 wn_288f0729 wn_a85cd317
ب-أ-س,b-a-s,5,71,بِئْسَ بَأْس بَأْساء بَئِيس بائِس,wv_a0e233c6 wn_d498926b wn_927233d9 wn_75ec43fe wn_c70f8d7e
ف-ر-ق,f-r-q,13,71,فَرِيق فَرَّقُ تَفَرَّقَ فُرْقان فَرَقْ فِراق مُتَفَرِّقَة فَرْق مُتَفَرِّق تَفْرِيق فِرْق فارِقَة فِرْقَة,wn_9b48bde8 wv_2eec1cbb wv_b13fdf87 wn_b4bf44b8 wv_8ca86e81 wn_89eaf3fb wn_17737018 wn_19072ed7 wn_849f7ef0 wn_8c1baf04 wn_951d43d0 wn_a1a4d0f3 wn_dac65a64
ي-م-ن,y-m-n,3,71,يَمِين أَيْمَن مَيْمَنَة,wn_264909ec wn_189a6812 wn_9a42aa3a
ع-ر-ف,e-r-f,8,70,مَعْرُوف عَرَفَ اعْتَرَفُ أَعْراف عُرْف يَتَعارَفُ عَرَّفَ مَعْرُوفَة,wn_cc2c37fe wv_6dea74e3 wv_a8cf696e wn_22f34740 wn_ffe91318 wv_5fc422c6 wv_6e2987dc wn_0f648922
م-ت-ع,m-t-e,4,70,مَتاع مَتَّعْ تَمَتَّعَ ٱسْتَمْتَعَ,wn_a1442ced wv_be5c1e75 wv_7503dc55 wv_cd4d5312
و-ك-ل,w-k-l,4,70,تَوَكَّلْ وَكِيل مُتَوَكِّل وُكِّلَ,wv_274872c8 wn_f33af448 wn_b6b1758e wv_dc763cc0
ظ-ن-ن,z-n-n,3,69,ظَنَّ ظَنّ ظانّ,wv_bdfe71cb wn_080e3c15 wn_332c0253
ع-ق-ب,e-q-b,8,69,عاقِبَة عِقاب عُقْبَى عَاقَبَ عَقَبَة مُعَقِّب مُعَقِّبَة عُقْب,wn_fede4f02 wn_4346fe64 wn_c064ce10 wv_e08f5bd0 wn_772e6337 wn_34f1c1de wn_7a545cb9 wn_968b1d47
ر-ض-و,r-d-w,9,68,رَّضِىَ رِضْوان مَرْضات راضِيَة ٱرْتَضَىٰ تَراضَ مَرْضِيَّة مَرْضِيّ رَضِيّ,wv_c6eaa00c wn_ac43ba1b wn_9110ca97 wn_3e23b55b wv_2f28f132 wv_1833d1cf wn_0f2d9f14 wn_435fb4e4 wn_c1384d0b
س-ك-ن,s-k-n,9,68,مِسْكِين سَكَنَ مَسْكَن سَكِينَة أَسْكَن سَكَن مَسْكَنَة سِكِّين ساكِن,wn_32383d43 wv_80d7124b wn_5dbd9140 wn_2290d1d5 wv_52f6ad79 wn_68caa483 wn_a242d8a9 wn_0dd8a1d5 wn_b56bc3d4
ض-ر-ر,d-r-r-2,8,68,ضُرّ يَضُرَّ ضَرّ ضَرّاء اضْطُرَّ ضِرار مُضْطَرّ مُضارّ,wn_f9f24258 wv_3d835bae wn_9e07d6e8 wn_4caa4630 wv_5595840a wn_06fb3054 wn_16a84f7d wn_f2d25fa9
ع-ل-و,e-l-w,12,68,تَعَٰلَىٰ عَلِيّ أَعْلَى تَعالَ عالِي عَلَا عُلُوّ عُلْيا عالِيَة عِلِّيّ أَعْلَوْن مُتَعال,wv_e1b044be wn_2d344f7f wn_56ee1375 wv_50494efa wn_6c0e386e wv_d8d61346 wn_31aea745 wn_6b513043 wn_45d1b683 wn_7ac6af3c wn_e5cadf83 wn_6d3711d0
ح-م-د,h-m-d,6,67,حَمْد حَمِيد مُحَمَّد حامِد مَحْمُود أَحْمَد,wn_684f6265 wn_eb9dba3e wn_5c3288b7 wn_3543b242 wn_3e133b95 wn_bf60e9e5
ك-س-ب,k-s-b,2,67,كَسَبَ ٱكْتَسَبَ,wv_d68b9690 wv_3b4d2413
ب-ع-ث,b-e-th,4,66,بَعَثَ مَبْعُوث بَعْث ٱنۢبَعَثَ,wv_ed67f836 wn_d0ce58c5 wn_43325d6f wv_4d8a04c6
ه-ل-ك,h-l-k,6,66,أَهْلَكَ مُهْلِك هَلَكَ هالِك مَهْلِك مُهْلِكِي,wv_fb436f13 wn_f8ffda6f wv_6f1f8c32 wn_07a42c6c wn_5866c187 wn_579bff60
ع-ي-ن,e-y-n,3,65,عَيْن مَعِين عِين,wn_c878aa97 wn_0e63e6a0 wn_419175e8
و-ف-ي,w-f-y,6,64,تَوَفَّىٰ وَفَّىٰ أَوْفَىٰ أَوْفَى مُوفي يَسْتَوْفُ,wv_aafa24bd wv_7471068d wv_d0ae996a wn_ddea10d8 wn_7897b4c9 wv_8be779b6
ج-ر-ي,j-r-y,3,63,جَرَيْ جارِيَة جَوار,wv_c51ab0ed wn_42a6b2d1 wn_62d2ad95
م-و-ه,m-w-h,1,63,ماء,wn_e6a7f0f4
ت-ل-و,t-l-w,2,62,تَلَىٰ تالِيَة,wv_0ccc8480 wn_7421b519
خ-س-ر,kh-s-r,8,62,خاسِر خَسِرَ أَخْسَر خَسار خُسْران خُسْر خاسِرَة تَخْسِير,wn_1773fe6f wv_b5558080 wn_0ff30ae0 wn_4cd0c2a9 wn_95d5e692 wn_582ab0ba wn_7d515b4c wn_b9db2a7a
و-ح-د,w-h-d,3,62,واحِدَة واحِد وَحِيد,wn_61356c4e wn_dd81959a wn_f52c4703
أ-ذ-ن,a-dh-n,7,61,أَذِنَ أُذُن ٱسْتَْٔذَنَ أَذَّنَ مُؤَذِّن تَأَذَّنَ أَذان,wv_9c284cdc wn_3f48e476 wv_8c2702f9 wv_bb43690e wn_e1332954 wv_0ccdd60e wn_48944145
ح-م-ل,h-m-l,7,61,حَمَلَ حَمْل حُمِّلَ حِمْل ٱحْتَمَلَ حَمُولَة حَمّالَة,wv_523e89b0 wn_8441ba1d wv_cd6017e3 wn_0840c460 wv_b3270182 wn_4fdecd51 wn_da4c3da0
ذ-و-ق,dh-w-q,3,61,ذاقُ أَذَاقَ ذائِقَة,wv_fa8ef53d wv_dfce1598 wn_43458d3e
ز-ي-د,z-y-d,4,61,زَادَ ازْدادُ مَزِيد زِيادَة,wv_56304863 wv_0fbfcfd6 wn_9e33123c wn_b886fa22
ق-ض-ي,q-d-y,2,61,قَضَىٰ مَقْضِيّ,wv_e6a69bc0 wn_89f90989
ف-ت-ن,f-t-n,4,59,فِتْنَة فَتَنُ مَفْتُون فُتُون,wn_a283c033 wv_96108dff wn_2c64d794 wn_7a12c18b
ف-ر-ي,f-r-y,7,59,ٱفْتَرَىٰ افْتِراء مُفْتَرًى مُفْتَري فَرِيّ مُفْتَرَيَة مُفْتَر,wv_1e668db1 wn_69c6e374 wn_9c0e62e1 wn_ce5aac8f wn_1a20d8bf wn_5f968ba4 wn_de9982ea
ن-س-و,n-s-w,1,59,نِساء,wn_faa0c7e8
ز-ك-و,z-k-w,6,58,زَكاة زَكَّىٰ تَزَكَّىٰ أَزْكَى زَكِيّ زَكِيَّة,wn_2fc1f773 wv_e28f18dd wv_c28c4c5e wn_a3be8798 wn_32cd0313 wn_36a7c1a6
س-ح-ر,s-h-r,5,58,سِحْر ساحِر مَسْحُور سَحَرُ سَحّار,wn_ff90978f wn_97528034 wn_a36b4b07 wv_9d047930 wn_d00cb2d3
ض-ر-ب,d-r-b,2,58,ضَرَبَ ضَرْب,wv_9ebeb6d8 wn_40dead6f
م-س-س,m-s-s,2,58,مَسَّ مَسّ,wv_1e3b93fc wn_6302e305
ج-ر-م,j-r-m,2,57,مُجْرِم أَجْرَمُ,wn_f8dddc2b wv_8f311fb9
غ-ي-ب,gh-y-b,4,57,غَيْب غُيُوب غائِب غائِبَة,wn_e91e2efa wn_68850c56 wn_ffd26120 wn_4ddde224
ق-ر-ي,q-r-y,1,57,قَرْيَة,wn_026b30ac
ر-و-ح,r-w-h,5,56,رِيح رُوح رَوْح رَيْحان تُرِيحُ,wn_76320d8e wn_da2c7d72 wn_d2f75562 wn_5b89c1e8 wv_fcc9f359
ع-د-د,e-d-d,10,56,أَعَدَّ عِدَّة عَدَّ مَعْدُودَة عَدَد عَدّ عادّ عُدَّة مَعْدُود عَدَّدَ,wv_1f64d60b wn_40205f14 wv_31aa906b wn_330ef7f5 wn_4dff067d wn_60f3e034 wn_676c2683 wn_a97ca1c3 wn_eeb264bb wv_c310ec62
أ-ج-ل,a-j-l,3,55,أَجَل أَجَّلَ مُؤَجَّل,wn_b09c6bfa wv_05dfa53b wn_32a78d7c
ذ-ه-ب,dh-h-b,4,55,ذَهَبَ أَذْهَبَ ذَهَب ذاهِب,wv_99572ef6 wv_d9c0f946 wn_898339f8 wn_5a15fa3d
ن-ه-ي,n-h-y,6,55,نَهَىٰ ٱنتَهَىٰ مُنتَهَى نُهَى ناهي مُنتَهي,wv_bdb5ae00 wv_300cc194 wn_55f9b7ca wn_8c6acaa7 wn_483ea6bd wn_c57d8025
د-و-ر,d-w-r,5,54,دار دائِرَة دَيّار دَوائِر تَدُورُ,wn_f3825074 wn_aa82a7bb wn_0c8fe28a wn_b44fcd58 wv_258bc349
ف-س-ق,f-s-q,4,54,فاسِق فَسَقَ فُسُوق فِسْق,wn_f80b853a wv_3988f76b wn_5dab9dba wn_cba795d1
ت-ح-ت,t-h-t,1,51,تَحْت,wn_2c2a0fd6
ر-د-د,r-d-d,4,51,رَدَّ ٱرْتَدَّ مَرَدّ يَتَرَدَّدُ,wv_ed3df04a wv_54402433 wn_4e2c5ea5 wv_d3e66d26
ض-ع-ف,d-e-f,10,51,ضِعْف يُضاعِفُ ضَعِيف اسْتَضْعَفُ مُسْتَضْعَف ضَعْف أَضْعَف ضَعُفَ ضِعاف مُضاعَفَة,wn_1c694da3 wv_75c21729 wn_b1d9e67f wv_e7bdfe26 wn_4c5bbb38 wn_c1fbdfca wn_075b2518 wv_19b5b759 wn_c167eada wn_c8a959c7
ن-د-ي,n-d-y,7,51,نَادَىٰ نِداء تَناد نَدِيّ مُناد مُنادِي تَنادَ,wv_45bb9ef6 wn_fdeaea44 wn_41f0fb9e wn_920360e2 wn_aefb2c0f wn_c1040909 wv_d03a4c1c
ن-ف-ع,n-f-e,3,50,نَفَعَ نَفْع مَنافِع,wv_0475336c wn_ef12a826 wn_8a2cdf2b
س-و-ع,s-w-e,2,49,ساعَة سُواع,wn_7fe5ad69 wn_aa52e91b
ط-ي-ب,t-y-b,3,49,طَيِّبَة طَيِّب طَابَ,wn_e2dceccb wn_ae75ee6b wv_992cfc71
ع-ق-ل,e-q-l,1,49,عَقَلُ,wv_81ef818d
أ-ث-م,a-th-m,5,48,إِثْم أَثِيم آثِم تَأْثِيم أَثام,wn_bbfd04ed wn_0151903b wn_2ee5847d wn_48a3661c wn_0966358d
خ-ش-ي,kh-sh-y,2,48,خَشِىَ خَشْيَة,wv_8cce80ad wn_db9fbe13
ح-ل-ل,h-l-l,6,47,أَحَلَّ حَلَلْ حَلال حِلّ حَلائِل تَحِلَّة,wv_cc34f9b4 wv_ebdb7926 wn_dacd1b35 wn_e6b72f20 wn_a1efa77d wn_d5857a38
خ-ب-ر,kh-b-r,2,47,خَبِير خُبْر,wn_051fca7b wn_415ab9c9
ط-ع-م,t-e-m,6,47,طَعام أَطْعَمَ طَعِمُ إِطْعام طاعِم اسْتَطْعَمَ,wn_ace82cd1 wv_5ca19504 wv_abcfa568 wn_535d0adc wn_00c102df wv_7bf8be46
ف-س-د,f-s-d,3,47,مُفْسِد أَفْسَدُ فَساد,wn_7413951e wv_5900985d wn_d408b568
ز-ي-ن,z-y-n,3,46,زَيَّنَ زِينَة ازَّيَّنَتْ,wv_8865a7cb wn_c958ae29 wv_0ca31dac
ص-د-ر,s-d-r-2,3,46,صَدْر يَصْدُرُ يُصْدِرَ,wn_6f4cf8f0 wv_52d2c612 wv_ea5981a5
ع-ه-د,e-h-d,3,46,عَهْد عَٰهَدَ عَهِدَ,wn_81590b4c wv_be1889a6 wv_134ed894
ك-ر-م,k-r-m,7,46,كَرِيم مُكْرَم أَكْرَمَ إِكْرام أَكْرَم كَرَّمْ مُكَرَّمَة,wn_c5043e2d wn_a6ee6c1a wv_e210fedc wn_2098dd8d wn_4222d2b2 wv_fb0a81fd wn_893ce7cb
ص-ر-ط,s-r-t,1,45,صِراط,wn_99c50db0
و-ذ-ر,w-dh-r,1,45,يَذَرَ,wv_96280695
ح-ف-ظ,h-f-z,8,44,حافِظ حَفِيظ حَفِظَ يُحافِظُ حِفْظ مَحْفُوظ حافِظَة اسْتُحْفِظُ,wn_b5a71a09 wn_1cd30998 wv_87efabbb wv_fb568781 wn_33517cbf wn_66dc9a75 wn_e968cf09 wv_9b215544
س-ر-ر,s-r-r,9,44,أَسَرَّ سِرّ سُرُر سَرّاء مَسْرُور إِسْرار سُرُور سَرائِر تَسُرُّ,wv_418a29cc wn_e5f1865f wn_f6f4d55f wn_0352df6a wn_1f75b4a6 wn_c5df5be6 wn_37d87355 wn_88422ceb wv_5ddcacdc
ص-ب-ح,s-b-h-2,6,44,أَصْبَحَ صُبْح مُصْبِح مِصْباح إِصْباح صَباح,wv_5f7396e6 wn_6dba0abc wn_8a562343 wn_616a8f47 wn_b9c06fb3 wn_c5ebb412
ع-ج-ل,e-j-l,7,44,اسْتَعْجَلَ عِجْل عَجَّلَ عَجِلَ عاجِلَة عَجُول تَعَجَّلَ,wv_8f1d471a wn_88fd9f42 wv_019470a7 wv_212af8c2 wn_d09b6caf wn_fdb0e6d5 wv_212ada09
ق-د-م,q-d-m,7,44,قَدَّمَ قَدَم قَدِيم تَقَدَّمَ قَدِمْ أَقْدَم مُسْتَقْدِم,wv_883d89ca wn_f03f811a wn_6b1b8900 wv_df8c0987 wv_ea4d02ec wn_09a91a13 wn_b1c34af0
ن-س-ي,n-s-y,4,44,نَسِىَ أَنسَىٰ نَسِيّ مَنسِيّ,wv_f54d50f2 wv_2f9bf241 wn_53d05591 wn_af4f74c8
ت-ر-ك,t-r-k,2,43,تَرَكَ تارِك,wv_2ce03568 wn_cc922fd6
ج-و-ب,j-w-b,4,43,ٱسْتَجَابَ أُجِيبَت جَواب مُجِيب,wv_4b5857ee wv_07b30160 wn_c8b1bbe7 wn_3ead898c
ح-ش-ر,h-sh-r,4,43,حَشَرَ حاشِر حَشْر مَحْشُورَة,wv_19cf20e7 wn_b97297b0 wn_6f37bf33 wn_0d16fc53
م-ك-ر,m-k-r,3,43,مَكَرَ مَكْر ماكِر,wv_da1eddb7 wn_04044741 wn_1f35bf9d
ب-ح-ر,b-h-r,2,42,بَحْر بَحِيرَة,wn_b3fba3aa wn_23dccca7
س-خ-ر,s-kh-r,8,42,سَخَّرَ سَخِرَ مُسَخَّرَة سِخْرِيّ مُسَخَّر سُخْرِيّ ساخِر يَسْتَسْخِرُ,wv_faba221e wv_099c3c32 wn_097a8c3c wn_7dafc70c wn_3d254677 wn_e62bb9c4 wn_f5355b3b wv_5511ea5c
ص-د-د,s-d-d-2,5,42,صَدَّ صَدّ صُدُود صَدِيد صُدُّ,wv_753bb09e wn_a47f1a1a wn_0a049d11 wn_a33f7a37 wv_916f4d3a
ظ-ه-ر,z-h-r-2,7,42,ظَهَرَ ظاهِر أَظْهَرَ ظَهِير ظاهَرُ ظاهِرَة تَظاهَرُ,wv_a6fba974 wn_b3481852 wv_f84cdb4d wn_dae36644 wv_47e04c27 wn_bc679769 wv_12d28ca9
ف-ص-ل,f-s-l,8,42,فَصَّلَ فَصْل تَفْصِيل فَصَلَ فِصال مُفَصَّل فاصِل مُفَصَّلَة,wv_09ac11a2 wn_2aafa692 wn_714b3342 wv_1fee4120 wn_d6e0d57b wn_01fd5e0f wn_3684cba9 wn_4f36a3db
ف-و-ق,f-w-q,2,42,فَوْق أَفَاقَ,wn_4011a09f wv_eb270c9e
ي-س-ر,y-s-r,8,42,يَسِير يَسَّرَ يُسْر مَيْسِر ٱسْتَيْسَرَ تَيَسَّرَ مَيْسَرَة مَيْسُور,wn_b7494a52 wv_d87f558c wn_6a7780d5 wn_d3b7b8bb wv_b74709d4 wv_ddfd3875 wn_454eda12 wn_baea79e9
ب-د-ل,b-d-l,7,41,بَدَّلَ تَبْدِيل مُبَدِّل يَتَبَدَّلِ يَسْتَبْدِلْ بَدَل اسْتِبْدال,wv_5838f67e wn_158cf650 wn_1b8a1bc3 wv_8a274b97 wv_b5801190 wn_a7ec194a wn_e397ec96
ج-ب-ل,j-b-l,2,41,جَبَل جِبِلَّة,wn_cb017063 wn_b81fba3e
ق-و-ي,q-w-y,2,41,قُوَّة قَوِيّ,wn_7eba1659 wn_5c46119d
ك-ر-ه,k-r-h,8,41,كَرِهَ كارِه كَرْه أُكْرِهَ كُرْه إِكْراه مَكْرُوه كَرَّهَ,wv_499a5577 wn_28945cfb wn_2375039f wv_11319e8e wn_9153a05a wn_735e588c wn_b4ae559c wv_b8a4b600
ل-ع-ن,l-e-n,6,41,لَعَنَ لَعْنَة لَعْن لاعِن مَلْعُون مَلْعُونَة,wv_7d202a62 wn_00a715ee wn_649d9034 wn_8c1b9ca1 wn_b5499216 wn_d8a6a77a
ج-ه-د,j-h-d-2,4,40,جَٰهَدَ جَهْد جِهاد مُجاهِد,wv_8de7a426 wn_95d3377c wn_05144f5b wn_b0a489fd
ح-ز-ن,h-z-n,2,40,يَحْزُن حَزَن,wv_3e9b9fcb wn_be0e4ea2
د-ب-ر,d-b-r,7,40,دُبُر مُدْبِر دابِر يُدَبِّرُ أَدْبَرَ مُدَبِّرَة إِدْبار,wn_b73550ba wn_3ca4dddd wn_9dcb1806 wv_7a91bd36 wv_8b04640e wn_5cfc7969 wn_9a2a0274
ف-ل-ح,f-l-h,2,40,أَفْلَحَ مُفْلِح,wv_a9248df1 wn_6c751029
ذ-ن-ب,dh-n-b,2,39,ذَنب ذَنُوب,wn_c4371bf4 wn_17dde3f7
س-ل-ط,s-l-t,2,39,سُلْطان سَلَّطَ,wn_1cc443df wv_3a0b62d1
ش-ر-ب,sh-r-b,7,39,شَرِبَ شَراب شارِب شِرْب مَشْرَب شُرْب أُشْرِبُ,wv_c569e9c0 wn_4b18e3c9 wn_45b7e1b9 wn_0a653b86 wn_45b8eb4f wn_f4298cfd wv_7ce2986e
ط-و-ف,t-w-f,5,39,طائِفَة طَافَ طائِف طُوفان طَوّاف,wn_dd9edf6b wv_5d2340d5 wn_c6c36da3 wn_3451c6ab wn_b709acf9
م-ل-أ,m-l-a,4,39,مَلَأ مُلِئَتْ مالِئ مِلْء,wn_d3fcbc90 wv_6f61f913 wn_c1238cd8 wn_f389a62f
ذ-ر-ر,dh-r-r,2,38,ذُرِّيَّة ذَرَّة,wn_d57ca55a wn_efba3710
ش-ع-ر,sh-e-r,6,38,يَشْعُرُ شاعِر شَعائِر شِعْر شِعْرَى مَشْعَر,wv_ea5ac5d7 wn_a0acf8f6 wn_a5175f9c wn_1bf7a1ab wn_6d85f6f0 wn_d289b30f
ع-و-د,e-w-d,4,38,عَادَ أُعِيدُ عائِد عِيد,wv_6db04db8 wv_eaae164a wn_4ae9b3e7 wn_b328bb6f
ق-ر-ر,q-r-r,8,38,مُسْتَقَرّ قَرار تَقَرَّ أَقْرَرْ قَوارِيرا مُسْتَقِرّ قُرَّة ٱسْتَقَرَّ,wn_bd2179de wn_34d5c654 wv_50d25e76 wv_1f6eda7d wn_223e94c9 wn_2cb54625 wn_41c46567 wv_95021deb
م-ر-أ,m-r-a,6,38,امْرَأَت امْرِئ مَرْء امْرُؤٌا امْرَأ مَرِيئ,wn_0d050608 wn_57cd7b39 wn_90dde96f wn_0cb8b6c3 wn_556b07ad wn_dfdb0279
أ-و-ي,a-w-y,3,36,مَأْوَى اوَىٰ أَوَى,wn_bf4f4ef0 wv_9f52d7a4 wv_aaff893b
ب-ط-ل,b-t-l-2,4,36,باطِل مُبْطِل يُبْطِلَ بَطَلَ,wn_758a77ea wn_83811f41 wv_3622e90b wv_0da19ed1
ح-د-ث,h-d-th,4,36,حَدِيث يُحْدِثُ تُحَدِّثُ مُحْدَث,wn_9584b8d8 wv_0cf44154 wv_4ad2617f wn_d9aa26bc
ر-ي-ب,r-y-b,5,36,رَيْب ٱرْتَابَ مُرِيب رِيبَة مُرْتاب,wn_8f78180c wv_89bb50a8 wn_9b196140 wn_38cf8121 wn_ad99c9e5
ف-ت-ح,f-t-h,6,36,فَتَحَ فَتْح مَفاتِح اسْتَفْتَحُ مُفَتَّحَة فَتّاح,wv_e79d573f wn_35320498 wn_2ed52a2c wv_051c3bd5 wn_44a40562 wn_c34c6df7
ق-ر-ن,q-r-n,5,36,قَرْن قَرِين مُقَرَّن مُقْتَرِن مُقْرِن,wn_48816a59 wn_335a6e89 wn_b576fbd3 wn_1e0f8091 wn_9bf7fe97
ن-ك-ر,n-k-r,9,36,مُنكَر نَكِير نُكْر مُنكِر يُنكِرُ نُكُر أَنكَر مُنكِرَة نَكِّرُ,wn_94114af6 wn_bb395f9f wn_00f092d4 wn_6401de83 wv_dec83ad9 wn_03e6ed55 wn_2955f9c1 wn_e8368546 wv_2d745e72
ه-و-ي,h-w-y-2,3,36,أَهْواء هَواء هَوَىٰ,wn_d2e71889 wn_18e13dcd wv_1c07cdd8
أ-ل-و,a-l-w,2,35,آلاء يُؤْلُ,wn_cc4d74c9 wv_730100a9
ح-ي-ن,h-y-n,1,35,حِين,wn_ec2be04b
ع-ف-و,e-f-w,4,35,عَفَا عَفُوّ عَفْو عافي,wv_ba74d326 wn_4e97e92e wn_c83833a0 wn_730baf7f
غ-ف-ل,gh-f-l,5,35,غافِل غَفْلَة غافِلَة تَغْفُلُ أَغْفَلْ,wn_402dde09 wn_3604b89c wn_3b548f0b wv_86be0d9e wv_ac06916f
ك-ي-د,k-y-d,3,35,كَيْد كِيدُ مَكِيد,wn_d3aed5d6 wv_0682b988 wn_da9522a4
و-ر-ث,w-r-th,5,35,وَرِثَ أَوْرَثَ وارِث مِيراث تُراث,wv_86a0f3a4 wv_6cee1c28 wn_cd075117 wn_eb9a4380 wn_009604ea
ب-ل-و,b-l-w,3,34,بَلَوْ ٱبْتَلَىٰ بَلاء,wv_b033c261 wv_db1a5113 wn_7306b0ae
ج-ن-ح,j-n-h,3,34,جُناح جَناح جَنَحُ,wn_a7f28f3c wn_5ffa336b wv_0049e184
س-ب-ق,s-b-q,5,34,سَبَقَ سابِق اسْتَبَقَ سابِقَة سَبْق,wv_ffed929e wn_e6e43c16 wv_5018087a wn_1a00c14e wn_8b30a517
م-ر-ر,m-r-r,5,34,مَرَّة مَرَّ مُسْتَمِرّ أَمَرّ مَرّ,wn_3a6092de wv_8bf65dff wn_51d498e7 wn_7128ea32 wn_e1ea9434
ه-ز-أ,h-z-a,3,34,اسْتُهْزِئَ هُزُو مُسْتَهْزِء,wv_02026388 wn_bbeab169 wn_f2b3263f
ش-م-س,sh-m-s,1,33,شَمْس,wn_658b46c9
ظ-ل-ل,z-l-l-2,5,33,ظِلّ ظَلَّ ظُلَّة ظَلِيل ظَلَّلْ,wn_10a74fee wv_ba80df40 wn_9ad8d8ec wn_7a4626cc wv_59597bce
ع-م-ي,e-m-y,5,33,أَعْمَى عَمِىَ عَمي عَمًى عُمِّيَتْ,wn_1d63a3c0 wv_3bf6d6a6 wn_24bb0b0b wn_86fa889d wv_59d96150
ق-ط-ع,q-t-e,6,33,قُطِعَ قَطَّعَ تَّقَطَّعَ قِطَع مَقْطُوع قاطِعَة,wv_25138216 wv_558e479c wv_f09938bb wn_02b78b00 wn_3cbd5862 wn_ad3fa3b9
ب-ر-ك,b-r-k,5,32,تَبَارَكَ مُبارَك بَٰرَكَ مُبارَكَة بَرَكَة,wv_adf2d81d wn_8f848dfa wv_e70cb9d7 wn_6b8b1813 wn_4ce3e86c
ث-ل-ث,th-l-th,6,32,ثَلاثَة ثَلاث ثُلُث ثُلاث ثالِث ثالِثَة,wn_7de90b01 wn_7ce7b42e wn_d4267482 wn_14046bfb wn_f035384e wn_ac759f3e
ح-ج-ج,h-j-j,7,32,حَآجَّ حَجّ حُجَّة حِجَج حِجّ حاجّ حَجَّ,wv_2b9917a3 wn_b58ac155 wn_c7a946d2 wn_269d6d63 wn_3435489a wn_3737ef9e wv_8a22f802
ع-ص-ي,e-s-y-2,4,32,عَصَىٰ عَصِيّ مَعْصِيَت عِصْيان,wv_89a4e250 wn_1935aef8 wn_6e377513 wn_d7639566
ك-ف-ي,k-f-y,1,32,كَفَىٰ,wv_81beb920
و-ث-ق,w-th-q,4,32,مِيثاق مَوْثِق وَثاق وُثْقَى,wn_028f6143 wn_7ccb2c9d wn_345067cd wn_9c371530
ح-ي-ث,h-y-th,1,31,حَيْث,wn_d196a876
ش-ف-ع,sh-f-e,5,31,شَفاعَة شَفِيع يَشْفَعُ شافِع شَفْع,wn_0b99ba7e wn_fc4e3f62 wv_f32fd25f wn_c71af079 wn_2e9f844e
ع-ر-ش,e-r-sh,2,31,عَرْش يَعْرِشُ,wn_89f5de9a wv_95be2d22
ق-ع-د,q-e-d,6,31,قَعَدَ قاعِد مَقْعَد قُعُود قَواعِد قَعِيد,wv_f41f6969 wn_3903126d wn_1ba41611 wn_95bf0927 wn_46e2934e wn_aa05e628
ل-ب-ث,l-b-th,2,31,لَبِثَ لابِث,wv_b85c353e wn_80047c5f
ن-ص-ب,n-s-b-2,5,31,نَصِيب نَصَب نُصُب نُصِبَتْ ناصِبَة,wn_093fd992 wn_000fdd68 wn_a8b2c840 wv_3a6af666 wn_2cc12ba3
ه-ج-ر,h-j-r-2,6,31,هَاجَرَ مُهاجِر اهْجُرْ مَهْجُور مُهاجِرَة هَجْر,wv_03c5d428 wn_a67f24bb wv_015b1315 wn_1610e475 wn_6e2aeae2 wn_87cc0c92
و-ر-ي,w-r-y,4,31,وَراء وُۥرِيَ تَوارَتْ مُورِيَة,wn_b91ca86d wv_5ba6f853 wv_9ad6310c wn_b8155c20
و-ص-ي,w-s-y,6,31,وَصَّىٰ وَصِيَّة أَوْصَٰ تَواصَ تَوْصِيَة يُوصِي,wv_69b66c99 wn_3140fd35 wv_539e6d68 wv_c9e0fa94 wn_00aa774a wv_2321d9bb
أ-ف-ك,a-f-k,4,30,أُفِكَ إِفْك مُؤْتَفِكَة أَفّاك,wv_aefca8d0 wn_33cd640e wn_2e79a3af wn_d6ec594d
أ-ن-ث,a-n-th,2,30,أُنثَى أُنثَيَيْن,wn_1b50e2a5 wn_d6ab5ded
ب-ر-ر,b-r-r,2,30,بَرّ بِرّ,wn_f2d500ac wn_ed3a8af0
خ-ل-ص,kh-l-s,6,30,مُخْلِص مُخْلَص خالِصَة خالِص أَخْلَصُ خَلَصُ,wn_56d85678 wn_51a39a1b wn_8047f938 wn_da510670 wv_7919435f wv_3ec21fc5
س-ع-ي,s-e-y,2,30,سَعَىٰ سَعْي,wv_d6c6d24e wn_23db4231
ش-ر-ر,sh-r-r,1,30,شَرّ,wn_7bae634c
ص-ر-ف,s-r-f-2,7,30,صَرَفَ صَرَّفْ تَصْرِيف مَصْرِف مَصْرُوف صَرْف انصَرَفُ,wv_cf669bcf wv_ebb83e4d wn_dea04693 wn_808a4d05 wn_b447ae59 wn_b8350a38 wv_b0c18cb9
ط-ه-ر,t-h-r,10,30,طَهَّرَ مُطَهَّرَة تَطَهَّرْ أَطْهَر طَهُور مُطَهَّر مُطَّهِّر مُتَطَهِّر تَطْهِير يَطْهُرْ,wv_a498c93a wn_e2965374 wv_c145e2df wn_6e3f5b0f wn_56c9efbd wn_b775f918 wn_c4161e32 wn_db2dad4c wn_eb394543 wv_94c75455
ع-س-ي,e-s-y,1,30,عَسَىٰٓ,wv_be784017
غ-ل-ب,gh-l-b,4,30,غَلَبُ غالِب مَغْلُوب غُلْب,wv_87eb426c wn_33f76213 wn_03515037 wn_b14cbe1b
ق-ص-ص,q-s-s-2,3,30,قَصَّ قَصَص قِصاص,wv_d15b2b25 wn_73a6683f wn_d7c692b8
م-د-د,m-d-d,7,30,مَدَّ أَمَدَّ مَمْدُود مَدّ مِداد مُمَدَّدَة مَدَد,wv_525f3bc5 wv_e7804003 wn_2ac2e774 wn_8804b443 wn_a9ec4071 wn_c7fc3062 wn_fcd110f0
ه-و-د,h-w-d,3,30,هادُ هُود يَهُود,wv_c55118ce wn_beb0a3b1 wn_29ae7ae3
ب-د-و,b-d-w,4,29,يُبْدِيَ بَدَا بادِي باد,wv_f4530def wv_fed32582 wn_9196a17a wn_c9a55d75
ج-د-ل,j-d-l,3,29,جادَلُ جَدَل جِدال,wv_c1154a7d wn_49b01f4b wn_e688d75e
ج-ن-د,j-n-d,1,29,جُند,wn_5fcbde02
ص-ي-ر,s-y-r-2,2,29,مَصِير تَصِيرُ,wn_2899817b wv_8e116268
ط-ي-ر,t-y-r,5,29,طَيْر طائِر اطَّيَّرْ مُسْتَطِير يَطِيرُ,wn_de863944 wn_6c29edc1 wv_a6df7b1a wn_9dae2bd8 wv_1fb26fdb
ق-س-م,q-s-m,6,29,أَقْسَمُ قِسْمَة قَسَم قَسَمْ مُقَسِّمَة مَقْسُوم,wv_218db3dc wn_1433f903 wn_28290679 wv_5b5b2bf1 wn_d7077598 wn_dbbaae0a
و-د-د,w-d-d,5,29,وَدَّ مَوَدَّة وَدُود وُدّ وَدّ,wv_67e249ec wn_7548de51 wn_3ec857af wn_67378844 wn_f0ef0d8c
أ-ب-د,a-b-d,1,28,أَبَدًا,wn_690ec1ac
ث-ق-ل,th-q-l,8,28,مِثْقال ثَقَل ثَقِيل ثَقُلَتْ مُثْقَل مُثْقَلَة أَثْقَلَت اثّاقَلْ,wn_9ec3a5d5 wn_7d4c3a3f wn_7d67e865 wv_b1362f14 wn_0c93a540 wn_b6d8a47b wv_5cbd34ed wv_9a86971f
ث-ن-ي,th-n-y,6,28,اثْنَيْن اثْنَتَيْن مَثْنَى مَثانِي ثانِي يَثْنُ,wn_7848d2f4 wn_e56f86f0 wn_ca81fa46 wn_5d11ee98 wn_dddf4d23 wv_eac00a1e
خ-ف-ي,kh-f-y,7,28,أُخْفِيَ يَسْتَخْفُ خَفِيّ خُفْيَة أَخْفَى مُسْتَخْف خافِيَة,wv_7667dd27 wv_f601f4fc wn_67e50610 wn_f846c55b wn_b30214a5 wn_e0bc3d79 wn_eb89ad6f
خ-ل-و,kh-l-w,4,28,خَلَا خالِيَة تَخَلَّتْ خَلُّ,wv_b48601eb wn_28918d6d wv_c865fac7 wv_c86f530c
ر-ف-ع,r-f-e,5,28,رَفَعَ مَرْفُوعَة مَرْفُوع رافِعَة رَفِيع,wv_824b7e81 wn_a804df36 wn_0ea4918c wn_6a7517d8 wn_bdb81c23
س-ب-ع,s-b-e,3,28,سَبْع سَبْعَة سَبُع,wn_c0b79629 wn_b3abafd4 wn_3fb9e765
ط-غ-ي,t-gh-y,4,28,طَغَىٰ طُغْيان طاغي أَطْغَى,wv_b5802b4f wn_b01fba2a wn_f5fe426e wn_b18c3710
ع-د-ل,e-d-l,2,28,عَدْل عَدَلَ,wn_16d2a0da wv_f4bd61dd
ن-ش-أ,n-sh-a,7,28,أَنشَأَ نَشْأَة مُنشَآت إِنشاء ناشِئَة مُنشِئ يُنَشَّؤُا۟,wv_302d830c wn_19c69578 wn_34abf8af wn_5ada2d91 wn_9e807cba wn_dda97a2d wv_d3618579
ب-ر-أ,b-r-a,8,27,بَرِيء تَبَرَّأَ بَرِيَّة بَراءَة بَرَّأَ تُبْرِئُ مُبَرَّء بَراء,wn_c395e8b3 wv_7cc82ada wn_8d11ccec wn_9b75e9a8 wv_6a12225d wv_bb4b7daa wn_237a4982 wn_8918bfed
ب-و-ب,b-w-b,1,27,باب,wn_f7460178
ش-ج-ر,sh-j-r,3,27,شَجَرَة شَجَر شَجَرَ,wn_798d42a7 wn_8ccf9095 wv_1173799e
ش-ق-ق,sh-q-q,8,27,شِقاق شاقُّ ٱنشَقَّ يَشَّقَّقُ شَقَقْ أَشَقّ شَقّ شُقَّة,wn_e54c4768 wv_cb362151 wv_29365f59 wv_12ecba6f wv_d5f13063 wn_3381ca24 wn_99f23363 wn_d45b521d
ع-ج-ب,e-j-b,5,27,أَعْجَبَ عَجِبُ عَجَب عَجِيب عُجاب,wv_273f3f88 wv_ff53fbf5 wn_54af30b9 wn_2c80491f wn_c7281122
غ-ر-ر,gh-r-r,3,27,غَرَّ غُرُور غَرُور,wv_4aae2ce1 wn_6abfced6 wn_fbebe508
ف-و-ز,f-w-z,4,27,فَوْز فائِز فَازَ مَفاز,wn_4df469ef wn_7a7bd5ed wv_307ded76 wn_a568719b
ق-م-ر,q-m-r,1,27,قَمَر,wn_7f2916a2
ج-ح-م,j-h-m,1,26,جَحِيم,wn_5ad44ca5
ح-و-ط,h-w-t-2,2,26,أَحَاطَ مُحِيط,wv_e4dee28a wn_a864f277
ر-ج-و,r-j-w,3,26,يَرْجُوا۟ تُرْجِي مُرْجَوْن,wv_ab01adb9 wv_c02ae238 wn_84276aa5
س-ي-ر,s-y-r,4,26,سَارَ سُيِّرَتْ سَيّارَة سَيْر,wv_95f62b41 wv_1875a49c wn_da246094 wn_dfde8d6a
ن-ب-ت,n-b-t,3,26,أَنۢبَتَ نَبات تَنۢبُتُ,wv_4bb73d90 wn_d838e53e wv_e1072e08
ه-و-ن,h-w-n,7,26,مُهِين هُون هَيِّن أَهَٰنَ مُهان أَهْوَن هَوْن,wn_cbfae5bc wn_4de49635 wn_f99a2e57 wv_eb6c457a wn_0a128b38 wn_cc42bf50 wn_fa00b2fb
و-ز-ر,w-z-r,4,26,وِزْر يَزِرُ وازِرَة وَزِير,wn_a429ebf6 wv_e39001b7 wn_2df582d7 wn_cea937a2
أ-د-م,a-d-m,1,25,آدَم,wn_3cc263f2
ب-س-ط,b-s-t,6,25,بَسَطَ باسِط بَصطَة بِساط بَسْط مَبْسُوطَتان,wv_dcc1b72c wn_bdc9718c wn_5989a121 wn_54d09e69 wn_7dc2bf03 wn_9e53ac14
ب-ط-ن,b-t-n,5,25,بَطْن باطِن بِطانَة بَطَنَ باطِنَة,wn_6bc6703c wn_073751ec wn_329021d0 wv_6b2c3826 wn_ec807b95
ح-د-د,h-d-d,5,25,حُدُود حَدِيد يُحادُّ حَآدَّ حِداد,wn_9ca67db7 wn_81230003 wv_2596a830 wv_25a54a27 wn_51005283
ح-ض-ر,h-d-r,7,25,مُحْضَر حَضَرَ أَحْضَرَتْ حاضِرَة حاضِر حاضِرِي مُحْتَضَر,wn_542a26cc wv_6e764be3 wv_b1fada70 wn_d15a84f1 wn_789e2cf1 wn_80deb52b wn_aaa3d4dc
ح-و-ل,h-w-l,5,25,حَوْل تَحْوِيل حَالَ حِيلَة حِوَل,wn_2750d3c9 wn_d4ead2e3 wv_1855cec7 wn_6e2a8e47 wn_907d89a1
خ-ز-ي,kh-z-y,4,25,أَخْزَيْ خِزْى أَخْزَى نَخْزَى,wv_33a354c7 wn_6349c892 wn_15be957d wv_906deff9
ش-ر-ي,sh-r-y,2,25,ٱشْتَرَىٰ شَرَ,wv_f7352b81 wv_69fd54e9
غ-ش-و,gh-sh-w,6,25,غَشِيَ أُغْشِيَتْ غاشِيَة غِشاوَة اسْتَغْشَ مَغْشِيّ,wv_5297bc88 wv_c294241a wn_4c17444f wn_14f1da96 wv_fad9784c wn_33c33695
ق-س-ط,q-s-t,5,25,قِسْط مُقْسِط تُقْسِطُ قاسِط أَقْسَط,wn_fa2afa9a wn_9e126f46 wv_6e7fe6c4 wn_8496e98e wn_e4bb2caa
ل-س-ن,l-s-n,1,25,لِسان,wn_2e90b145
م-س-ك,m-s-k,6,25,أَمْسَكَ ٱسْتَمْسَكَ مُمْسِكَة مُسْتَمْسِك مِسْك يُمَسِّكُ,wv_2acb923c wv_18fe4555 wn_068fcceb wn_de84a9b6 wn_f853b0e1 wv_a3c121c3
و-س-ع,w-s-e,4,25,واسِع سَعَة وَسِعَ واسِعَة,wn_d0c2b06d wn_ffea0950 wv_093fb2af wn_46fc5b16
و-ه-ب,w-h-b,2,25,وَهَبَ وَهّاب,wv_6d5846b5 wn_10fb3651
ي-ق-ن,y-q-n,3,25,يُوقِنُ يَقِين مُوقِن,wv_35e7023f wn_b7ca250d wn_2071c5aa
أ-ذ-ي,a-dh-y,2,24,أُوذِيَ أَذًى,wv_008ceb2d wn_4fae1a42
ث-م-ر,th-m-r,3,24,ثَمَرَة ثَمَر أَثْمَرَ,wn_2c0fc055 wn_af67102a wv_87159069
ث-و-ب,th-w-b,4,24,ثَواب ثِياب مَثُوبَة مَثابَة,wn_4a7ba034 wn_55635a49 wn_e76a0669 wn_a45e7bc5
س-ق-ي,s-q-y,4,24,سَقَىٰ أَسْقَيْ سِقايَة ٱسْتَسْقَىٰ,wv_57336497 wv_d57e4d3e wn_dbede30c wv_e2724c87
ف-ح-ش,f-h-sh,2,24,فاحِشَة فَحْشاء,wn_cdd494c5 wn_2ef4d541
ك-و-د,k-w-d,1,24,كَادَ,wv_191e2c01
م-د-ن,m-d-n,2,24,مَدِينَة مَدْيَن,wn_cba62460 wn_b9757201
م-ر-ض,m-r-d-2,3,24,مَرَض مَرِيض مَرِضْ,wn_68e438b4 wn_78b859c0 wv_dec03c2f
و-ع-ظ,w-e-z,2,24,وَعَظْ مَوْعِظَة,wv_4f20a23a wn_df4e5941
ذ-ل-ل,dh-l-l,9,23,ذِلَّة أَذِلَّة ذُلّ ذَلُول أَذَلّ ذُلِّلَتْ ذُلُل تَذْلِيل تُذِلُّ,wn_677a8b8c wn_ffc03653 wn_7a4fd590 wn_57bc32ae wn_fbd721bb wv_51557adf wn_3fda6915 wn_9ed98c58 wv_75ee8f9d
س-ر-ع,s-r-e,4,23,سَرِيع يُسارِعُ سِراع أَسْرَع,wn_647e58da wv_29499590 wn_2721a9df wn_e93f420f
س-ر-ف,s-r-f,3,23,مُسْرِف أَسْرَفَ إِسْراف,wn_1cfa966c wv_003e4657 wn_5a65d9e4
ط-ل-ق,t-l-q,4,23,طَلَّقَ ٱنطَلَقَ مُطَلَّقَة طَلاق,wv_aac148d0 wv_4b7a42eb wn_e7fc53e1 wn_f9b3be05
غ-ر-ق,gh-r-q,4,23,أُغْرِقُ مُغْرَق غَرْق غَرَق,wv_eae0ac2e wn_fe99193e wn_90c9e719 wn_9f6e40d4
غ-ض-ب,gh-d-b,4,23,غَضَب غَضِبَ غَضْبان مُغاضِب,wn_1b93e7cb wv_6caa44fe wn_be659bf9 wn_5b50b3d7
ف-ج-ر,f-j-r,8,23,فَجْر فُجِّرَتْ فُجّار تَفْجِير يَفْجُرَ فاجِر يَتَفَجَّرُ انفَجَرَتْ,wn_6a366ef5 wv_c0ee9b5c wn_c303399b wn_70dc4d2b wv_d09914e2 wn_65fa5724 wv_48c8464b wv_f1fa6bd7
ف-ل-ك,f-l-k,1,23,فُلْك,wn_2b2e5fac
م-ن-ن,m-n-n,3,23,مَنَّ مَنّ مَنُون,wv_865c6ae4 wn_74af7e4f wn_f27f9fc9
و-ز-ن,w-z-n,4,23,مِيزان وَزْن وَزَنُ مَوْزُون,wn_fc0af6f5 wn_d7530917 wv_2aedc811 wn_2fc07f78
ي-ت-م,y-t-m,1,23,يَتِيم,wn_84759412
ت-م-م,t-m-m,4,22,أَتَمَّ تَمَّ مُتِمّ تَمام,wv_da06801d wv_0d5fa744 wn_0425a681 wn_df1ef09b
ج-ن-ب,j-n-b,3,22,جانِب اجْتَنَبُ جُنُب,wn_c37ee293 wv_bb94509b wn_350fa0f1
ع-ر-ب,e-r-b,3,22,عَرَبِيّ أَعْراب عُرُب,wn_878b4cf0 wn_ba0eb05d wn_b4128cbd
ع-م-ر,e-m-r,8,22,عُمُر يُعَمَّرُ عَمَرُ عُمْرَة عِمارَة مَعْمُور مُعَمَّر ٱعْتَمَرَ,wn_9cbfd57b wv_37c8e009 wv_8204a8e6 wn_52e8c4be wn_2a81f9a6 wn_57f7feb3 wn_e132ce2f wv_61cc0f50
ف-ر-ح,f-r-h,2,22,فَرِحَ فَرِح,wv_b794adf6 wn_8bff0468
ل-ب-س,l-b-s,3,22,لَبَسْ لِباس لَبُوس,wv_c971f3b2 wn_2ab2fcc4 wn_f1b777f3
م-ش-ي,m-sh-y,2,22,مَشَ مَشّاء,wv_d4532bda wn_6d52c816
ن-ك-ح,n-k-h,3,22,نَكَحَ نِكاح تُنكِحُ,wv_f95fc4b5 wn_95b87eb4 wv_1ab4e863
و-ض-ع,w-d-e-2,2,22,وَضَعَ مَوْضُوعَة,wv_a0b4e9d9 wn_41bf4278
أ-ث-ر,a-th-r,4,21,أَثَر ءَاثَرَ أَثارَة يُؤْثَرُ,wn_98d88a61 wv_ccc6efa1 wn_5abf9537 wv_76e7f8e8
ت-ر-ب,t-r-b,3,21,تُراب أَتْراب تَرائِب,wn_ef99d15b wn_8d72f300 wn_8570cf2a
ح-ل-م,h-l-m,2,21,حَلِيم حُلُم,wn_a2045137 wn_7d2dff7e
خ-ط-أ,kh-t-a,5,21,خَطِيئَة خاطِئ خَطَأ خاطِئَة أَخْطَأْ,wn_2edb1893 wn_f1acf44a wn_4ca649eb wn_f85636cf wv_61af9a4c
ر-ق-ب,r-q-b,5,21,رَقَبَة رَقِيب ارْتَقِبْ يَتَرَقَّبُ مُرْتَقِب,wn_b606e52c wn_54cc2cdb wv_a3eb8ed1 wv_70423ee5 wn_0d6b4791
س-ن-ن,s-n-n,3,21,سُنَّة مَسْنُون سِنّ,wn_5edde435 wn_9533e380 wn_a38a96c9
ش-ه-ر,sh-h-r,1,21,شَهْر,wn_b3ab8a2c
ع-ج-ز,e-j-z,4,21,مُعْجِز عَجُوز مُعاجِز أَعْجاز,wn_522fb52e wn_70326f02 wn_6ababd90 wn_8c0b95f1
غ-و-ي,gh-w-y,4,21,أَغْوَيْ غاوي غَيّ غَوَىٰ,wv_f71780c2 wn_9e71829e wn_a9ccee01 wv_dc4f21d4
ك-ت-م,k-t-m,1,21,كَتَمَ,wv_8ed1f361
أ-ل-ف,a-l-f,3,20,أَلْف أَلَّفَ مُؤَلَّفَة,wn_c7beca37 wv_c048074d wn_0fab6cf6
ب-ق-ي,b-q-y,6,20,أَبْقَى باقِيَة بَقِيَّت بَقِىَ باقي باق,wn_0a8e4810 wn_0a35da28 wn_4ac2304d wv_e01edba3 wn_7ce2a3ec wn_4aa7bd8e
ج-ه-ل,j-h-l,4,20,جاهِل يَجْهَلُ جاهِلِيَّة جَهُول,wn_4336cbe0 wv_251ff705 wn_6e353996 wn_af85555e
ح-ج-ر,h-j-r,5,20,حِجارَة حِجْر حَجَر مَحْجُور حُجُرَة,wn_2d38137b wn_903aec24 wn_16bb0854 wn_6202b54d wn_68078050
ح-ز-ب,h-z-b,1,20,حِزْب,wn_2b5b1bb5
ح-م-م,h-m-m,1,20,حَمِيم,wn_60128061
ر-ب-ع,r-b-e,4,20,أَرْبَعَة أَرْبَع رُبُع رُباع,wn_1eca82b5 wn_fa3b1c40 wn_adca62b1 wn_f2e1864d
س-ن-و,s-n-w,3,20,سِنِين سَنَة سَنا,wn_3731fcba wn_bb6361ac wn_4dbcebf3
ف-ط-ر,f-t-r,6,20,فَطَرَ فاطِر فُطُور فِطْرَت مُنفَطِر انفَطَرَتْ,wv_394ef971 wn_a0f2cb9d wn_8131c4f7 wn_b6a333c4 wn_b77a3de0 wv_60794e94
ك-ش-ف,k-sh-f,4,20,كَشَفَ كاشِف كاشِفَة كَشْف,wv_b1e83390 wn_addd4ea6 wn_048f3e11 wn_2acfce5b
ل-ع-ب,l-e-b,3,20,يَلْعَبْ لَعِب لاعِب,wv_e9c3eccb wn_41e8ad33 wn_a46ff1ba
ن-خ-ل,n-kh-l,3,20,نَخْل نَخِيل نَخْلَة,wn_a7b2ff39 wn_989bae74 wn_466288f1
ن-ف-خ,n-f-kh,2,20,نَفَخَ نَفْخَة,wv_d7395cd0 wn_d6f46fda
و-ق-ع,w-q-e,3,20,وَقَعَ واقِع واقِعَة,wv_4d28a0b9 wn_4341abcf wn_22771cc6
ب-ل-د,b-l-d,2,19,بَلَد بَلْدَة,wn_4bda894e wn_54eba534
س-ع-ر,s-e-r,3,19,سَعِير سُعُر سُعِّرَتْ,wn_d492e9d4 wn_7cb5ea84 wv_97281fba
ص-ل-ي,s-l-y,5,19,يَصْلَى صالُوا تَصْطَلُ صال تَصْلِيَة,wv_d1e848f3 wn_7fb860db wv_4aa3d37c wn_253a1f52 wn_e124b4d6
ص-ن-ع,s-n-e,4,19,صَنَعُ صُنْع صَنْعَة مَصانِع,wv_a0b02af3 wn_7902cf5f wn_35b61b0f wn_8cb16a25
ف-ق-ه,f-q-h,1,19,يَفْقَهُ,wv_b0262c2d
ف-ك-ه,f-k-h,5,19,فاكِهَة فاكِه فَواكِه فَكِه تَفَكَّهُ,wn_59ef8f25 wn_710cf89a wn_8b14bb7d wn_8baa46bc wv_9c3e816e
م-ن-ي,m-n-y,5,19,أُمْنِيَّت يَتَمَنَّ تَمَنَّىٰٓ يُمْنَى مَناة,wn_35ba8b43 wv_b5c5a6dc wv_51e19274 wv_a3706687 wn_701c3747
ن-ش-ر,n-sh-r,8,19,نُشُور تَنتَشِرُ نُشِرَتْ أَنشَرَ مَنشُور نَشْر مُنَشَّرَة مُنتَشِر,wn_d13a2bfb wv_295ed7ee wv_4bb1584a wv_7959973a wn_89912f57 wn_5bd73e50 wn_97a65cce wn_c2c631a0
ث-م-ن,th-m-n,5,18,ثَمَن ثَمانِيَة ثَمانِين ثَمانِي ثُمُن,wn_7dccd8eb wn_3a8cefa8 wn_24d282ff wn_3fdd0941 wn_fd0fd6c3
خ-ص-م,kh-s-m,5,18,اخْتَصَمُ خَصِيم خَصْم خَصِم تَخاصُم,wv_6cb4b2d5 wn_680348f2 wn_a79965c9 wn_0790f021 wn_aeeb0612
د-ب-ب,d-b-b,1,18,دابَّة,wn_a1adb884
د-ر-ج,d-r-j,1,18,دَرَجَة,wn_0ad6af1e
ر-أ-س,r-a-s,1,18,رَأْس,wn_cfa9c1bb
ر-ش-د,r-sh-d,6,18,رُشْد رَشَد رَشِيد رَشاد مُرْشِد يَرْشُدُ,wn_2d28b3b3 wn_426d4a36 wn_d5c80df3 wn_7ddb3398 wn_2d9df58a wv_3e2194cf
ط-ل-ع,t-l-e,7,18,طَّلَعَ طَلْع طُلُوع طَلَعَت مَطْلِع مُطَّلِع مَطْلَع,wv_a21c74be wn_db78acc8 wn_6bce4ae0 wv_ec3ff971 wn_0f20f9b9 wn_733fcfeb wn_90d6be85
غ-ر-ب,gh-r-b,6,18,مَغْرِب غُراب غُرُوب غَرَبَت غَرْبِيّ غَرْبِيَّة,wn_d7b66f21 wn_1c130e93 wn_c0713705 wv_dd4ec4d5 wn_4609b8fe wn_c35a8efa
ف-ك-ر,f-k-r,2,18,يَتَفَكَّرُ فَكَّرَ,wv_74b1ccef wv_1dc85fe7
ن-ز-ع,n-z-e,3,18,نَزَعَ تَنازَعُ نَزّاعَة,wv_37455b38 wv_dd20d658 wn_13a18a86
ن-ف-ر,n-f-r,5,18,نَفَرَ نُفُور نَفَر نَفِير مُسْتَنفِرَة,wv_172d9be3 wn_51389bae wn_c5fed315 wn_49a6ba1d wn_f637e872
ن-و-ب,n-w-b,2,18,أَنَابَ مُنِيب,wv_ad155aec wn_b5fef64a
ب-و-أ,b-w-a,4,17,بَآءَ بَوَّأَ يَتَبَوَّأُ مُبَوَّأ,wv_ba47503f wv_d868efb7 wv_ec4cb84d wn_a5e4cb6c
ث-ب-ت,th-b-t,5,17,ثَبَّتْ ثابِت تَثْبِيت يُثْبِتُ اثْبُتُ,wv_cd690393 wn_1bf7e314 wn_afcce4b0 wv_0705a3f3 wv_5364d7cc
ح-ص-ن,h-s-n-2,5,17,مُحْصَنَة أَحْصَنَتْ مُحْصِن مُحَصَّنَة تَحَصُّن,wn_69a10439 wv_9e3e9e83 wn_fbacbd49 wn_7ba20981 wn_ae9ff301
خ-ش-ع,kh-sh-e,3,17,خاشِع خَشَعَتِ خُشُوع,wn_14805ec0 wv_5744a9c7 wn_6f39acec
ف-ر-ض,f-r-d-2,3,17,فَرَضَ فَرِيضَة مَفْرُوض,wv_7933ceb8 wn_7ab6ea17 wn_b7b2ea25
م-ك-ن,m-k-n,2,17,مَكَّ مَكِين,wv_bc887734 wn_2ce866a6
أ-و-ب,a-w-b,3,16,مَآب أَوّاب أَوِّبِ,wn_db812793 wn_efcee00e wv_7637041b
ج-ه-ر,j-h-r,4,16,جَهْر جَهَرَ جَهْرَة جِهار,wn_7f40762b wv_840251de wn_d22da760 wn_bf3d097a
ح-ب-ط,h-b-t,2,16,حَبِطَ أَحْبَطَ,wv_a2ac5ac9 wv_f3c4bff5
خ-ب-ث,kh-b-th,3,16,خَبِيث خَبِيثَة خَبُثَ,wn_db509947 wn_6a96655a wv_4e1cd314
خ-و-ن,kh-w-n,6,16,خانُ خائِن خَوّان خائِنَة خِيانَة يَخْتانُ,wv_3533b650 wn_d7931c20 wn_3f8d391c wn_8983783c wn_a25b494f wv_50048cda
ر-ب-ص,r-b-s,2,16,تَرَبَّصْ مُتَرَبِّص,wv_41a070af wn_f42a8588
س-ط-ر,s-t-r-2,5,16,أَساطِير مَسْطُور مُصَيْطِر مُسْتَطَر يَسْطُرُ,wn_56b8bcc3 wn_0ebcbdcc wn_7a96c062 wn_2fe38088 wv_36c3fd23
س-و-ر,s-w-r,3,16,سُورَة أَساوِر تَسَوَّرُ,wn_ea89fd99 wn_b7f09e9f wv_f10ae9fe
ع-ت-د,e-t-d,2,16,أَعْتَدَتْ عَتِيد,wv_00105162 wn_6efc28e3
ع-ل-ن,e-l-n,2,16,أَعْلَن عَلانِيَة,wv_ed5b99a6 wn_cf6643c9
ع-و-ذ,e-w-dh,3,16,عُذْ اسْتَعِذْ مَعاذ,wv_49241a9c wv_229867c2 wn_a6f37718
غ-ل-ل,gh-l-l,3,16,غِلّ غَلَّ مَغْلُولَة,wn_59c91aa2 wv_71676085 wn_96c07d6e
ف-أ-د,f-a-d,1,16,فُؤاد,wn_2b272368
ك-ي-ل,k-y-l,4,16,كَيْل مِكْيال اكْتالُ كالُ,wn_4237e851 wn_dd63cdc6 wv_3c21a8d5 wv_7f093d4c
ل-ب-ب,l-b-b,1,16,أَلْباب,wn_965fadb9
م-ن-ع,m-n-e,4,16,مَنَعَ مَنّاع مَنُوع مَمْنُوعَة,wv_6f395f8c wn_d0215c76 wn_389dda87 wn_d4dc50d5
ب-د-أ,b-d-a,2,15,بَدَأَ يُبْدِئُ,wv_7234326e wv_b1b68e73
ب-ي-ع,b-y-e,4,15,بَيْع بايَعْ بِيَع تَبايَعْ,wn_e83756c0 wv_0319a723 wn_b7859ab3 wv_f1002beb
ح-ذ-ر,h-dh-r,3,15,يَحْذَرُ حَذَر حاذِر,wv_efe52d64 wn_81c6108d wn_e49be84d
ح-ر-ج,h-r-j,1,15,حَرَج,wn_7139c5a1
ح-ر-ر,h-r-r,6,15,تَحْرِير حَرِير حَرّ حُرّ حَرُور مُحَرَّر,wn_5198f6ee wn_1ff612ea wn_b6f250f2 wn_7ed9a77e wn_48ff2d5d wn_52ee3edd
ر-ب-و,r-b-w,5,15,رِبا رَبَتْ أَرْبَىٰ رابِيَة رابِي,wn_03eda7cd wv_213da5dd wv_5604b1c9 wn_040857a0 wn_077b66d1
ز-ع-م,z-e-m,2,15,زَعَمَ زَعِيم,wv_97fec451 wn_8b497e45
ش-ك-ك,sh-k-k,1,15,شَكّ,wn_41a5a59a
م-ر-ي,m-r-y,4,15,مِرْيَة يَمْتَرُ تَمارَ مِراء,wn_f774c723 wv_52cc8c0f wv_b55499a1 wn_8614a0a0
م-س-ح,m-s-h,3,15,مَسِيح امْسَحُ مَسْح,wn_12a189c6 wv_98c8e11c wn_7a38d1c0
م-ل-ل,m-l-l,1,15,مِلَّة,wn_8f3dd978
م-ه-د,m-h-d,5,15,مِهاد مَهْد تَمْهِيد ماهِد مَهَّد,wn_e9774c5e wn_ff289c52 wn_2ea2e392 wn_8fc0c898 wv_729462d9
ث-و-ي,th-w-y,2,14,مَثْوًى ثاوِي,wn_680869e2 wn_19898511
خ-ف-ف,kh-f-f,4,14,خَفَّفَ خَفَّتْ خَفِيف تَخْفِيف,wv_e7b28454 wv_5be02786 wn_708fa82a wn_3d6e162e
ز-ر-ع,z-r-e,4,14,زَرْع تَزْرَعُ زارِع زُرّاع,wn_27e3b30e wv_bd92e0c6 wn_113384e3 wn_34b8e63b
ش-ر-ق,sh-r-q,4,14,مَشْرِق شَرْقِيّ إِشْراق أَشْرَقَتِ,wn_52431e0a wn_0da6f8f9 wn_4232cdcc wv_3cd78030
ص-ف-ف,s-f-f,5,14,صَفّ صافَّة مَصْفُوفَة صافّ صَوافّ,wn_d5d04694 wn_40ea0ae3 wn_1552aba4 wn_acee74ab wn_c38ae8ff
ص-ف-و,s-f-w,3,14,ٱصْطَفَىٰ صَفْوان مُصَفًّى,wv_86c570ec wn_4014b1e9 wn_49a6cb40
ص-م-م,s-m-m-2,2,14,أَصَمّ صَمُّ,wn_ed436aae wv_52a0bb3a
ع-ط-و,e-t-w-2,3,14,أَعْطَىٰ عَطاء تَعَاطَىٰ,wv_131f3a27 wn_85cf5b15 wv_fe25761a
م-ط-ر,m-t-r,2,14,مَطَر أُمْطِرَتْ,wn_31a0e5bc wv_ba8827c6
و-ل-ج,w-l-j,3,14,يُولِجُ يَلِجَ وَلِيجَة,wv_95cc1e89 wv_bc25e394 wn_934015be
أ-ب-ي,a-b-y,1,13,أَبَىٰ,wv_14573568
ب-غ-ت,b-gh-t,1,13,بَغْتَة,wn_2b73a8fc
ج-ل-د,j-l-d,3,13,جُلُود جَلْدَة اجْلِدُ,wn_068a7a95 wn_72304efb wv_1854d589
ح-ر-ث,h-r-th,1,13,حَرْث,wn_efe84331
ح-ل-ف,h-l-f,2,13,حَلَفْ حَلّاف,wv_7eb61382 wn_4798c81b
خ-ل-ل,kh-l-l,3,13,خِلال خَلِيل خُلَّة,wn_c7468470 wn_6284b22a wn_6a0cb531
ر-أ-ف,r-a-f,2,13,رَءُوف رَأْفَة,wn_6a6640ce wn_3edb67b8
ر-ك-ع,r-k-e,2,13,راكِع يَرْكَعُ,wn_93fe7bc2 wv_c7c6d526
س-و-ق,s-w-q,4,13,سِيقَ ساق مَساق سائِق,wv_ca6e872f wn_91a2e7f0 wn_c210762c wn_c7788914
ش-ه-و,sh-h-w,3,13,اشْتَهَتْ شَهَوَة شَهْوَة,wv_a5e1efea wn_5c08affe wn_96152104
ص-غ-ر,s-gh-r,5,13,صاغِر صَغِير صَغِيرَة أَصْغَر صَغار,wn_a920a2a7 wn_4dcea12e wn_41664807 wn_441ad1bb wn_f49b338b
ص-ي-ح,s-y-h-2,1,13,صَيْحَة,wn_8cd28491
ط-م-أ-ن,t-m-a-n,3,13,ٱطْمَأَنَّ مُطْمَئِنَّة مُطْمَئِنّ,wv_f77b9296 wn_19747b88 wn_56c2a0de
غ-د-و,gh-d-w,3,13,غُدُوّ غَد غَدَ,wn_8453d1f9 wn_f05e15f5 wv_b3bd1e5a
غ-ل-ظ,gh-l-z,4,13,غَلِيظ اغْلُظْ غِلْظَة ٱسْتَغْلَظَ,wn_8ea2bc4c wv_696661ba wn_28d38f81 wv_a660af9b
غ-ل-م,gh-l-m,1,13,غُلام,wn_bb504ebc
ف-ق-ر,f-q-r,2,13,فَقِير فَقْر,wn_c5f996d3 wn_5d1b31f9
ق-ن-ت,q-n-t,3,13,قانِت قانِتَة يَقْنُتْ,wn_63b3a6dd wn_892c69f5 wv_849c09fd
ك-ف-ف,k-f-f,2,13,كَفَّ كافَّة,wv_a23456fb wn_fcb27b10
ل-و-م,l-w-m,6,13,مَلُوم لُمْ مُلِيم لَوْمَة لائِم لَوّامَة,wn_54d141c0 wv_7f065422 wn_9dd7e3b1 wn_6dcabea4 wn_8d93a5ee wn_e8331faf
ن-ج-م,n-j-m,1,13,نَجْم,wn_2dd2318a
ن-ق-م,n-q-m,3,13,انتَقَمْ انتِقام مُنتَقِم,wv_ccaf9388 wn_b6e3f911 wn_a92c223a
و-ص-ف,w-s-f,1,13,يَصِفُ,wv_b7ce7031
و-ق-ت,w-q-t,4,13,مِيقات وَقْت مَوْقُوت أُقِّتَتْ,wn_ccd9ed21 wn_9b5bc23d wn_04be05fe wv_e48959f4
ي-أ-س,y-a-s,3,13,يَئِسَ يَئُوس ٱسْتَئَْسَ,wv_de7fcddb wn_cb74f95c wv_ff3f4833
ب-ك-ر,b-k-r,3,12,بُكْرَة بِكْر إِبْكار,wn_1457f7cd wn_9de4c547 wn_c32a40ca
ب-ي-ض,b-y-d,3,12,أَبْيَض ابْيَضَّتْ بَيْض,wn_522da1ca wv_675d8519 wn_5c43e0ba
ج-ح-د,j-h-d,1,12,جَحَدُ,wv_15c54fa8
ح-ن-ف,h-n-f,1,12,حَنِيف,wn_60414313
خ-ر-ر,kh-r-r,1,12,خَرَّ,wv_8c9eda44
ر-ك-ب,r-k-b,4,12,رَكِبَ مُتَراكِب رِكاب رُكْبان,wv_3f6422f6 wn_1496eb23 wn_80c2968c wn_c6a323d5
س-ل-ك,s-l-k,1,12,سَلَكَ,wv_8f195551
ش-ب-ه,sh-b-h,4,12,مُتَشابِه تَشَٰبَهَ مُشْتَبِه شُبِّهَ,wn_29fe8042 wv_ee488ecb wn_d3d7ab05 wv_616922aa
ص-و-م,s-w-m-2,4,12,صِيام صائِمَة صائِم صَوْم,wn_33a976e8 wn_6d6ebe91 wn_8f45e571 wn_d5c45eb8
ط-م-ع,t-m-e,2,12,يَطْمَعُ طَمَع,wv_59ad7bd5 wn_b8463223
ط-ي-ن,t-y-n,1,12,طِين,wn_bbf57a53
ع-ش-ر,e-sh-r,5,12,عَشْر عَشَرَة عِشْرُون عَشِير مِعْشار,wn_15c65261 wn_3fc9400c wn_26d2f1d9 wn_5623e1fa wn_93a9d954
ع-ش-و,e-sh-w,3,12,عَشِيّ عَشِيَّة يَعْشُ,wn_5d51b7c5 wn_102c6517 wv_761b60c2
ق-ر-ض,q-r-d-2,2,12,قَرْض أَقْرَضُ,wn_a22ef18e wv_5cac1462
ك-ن-ن,k-n-n,4,12,مَكْنُون أَكِنَّة أَكْنَن أَكْنان,wn_6bef9482 wn_8c53db5c wv_287a6065 wn_8abfcdf7
ل-ح-م,l-h-m,1,12,لَحْم,wn_e5ab05ff
ل-ه-و,l-h-w,3,12,لَهْو لاهِيَة تَلَهَّىٰ,wn_da95dad7 wn_53746987 wv_5f08f262
ن-ب-ذ,n-b-dh,2,12,نَّبَذَ انتَبَذَتْ,wv_21a1af84 wv_ba39d4a1
ن-ص-ح,n-s-h,3,12,ناصِح نَصَحُ نَصُوح,wn_50d2ccf7 wv_a6afa3cb wn_0b50b37c
ن-ط-ف,n-t-f,1,12,نُطْفَة,wn_617483a3
و-د-ي,w-d-y,4,12,واد أَوْدِيَة دِيَة وادِي,wn_fa430759 wn_3e4ee4f1 wn_57768436 wn_3b0f73f0
ج-ب-ي,j-b-y,2,11,ٱجْتَبَىٰ يُجْبَى,wv_2d82a577 wv_232a4faf
ج-م-ل,j-m-l,5,11,جَمِيل جِمالَت جَمَل جَمال جُمْلَة,wn_5ddf4a5b wn_53f78daa wn_80541e7e wn_9091b588 wn_d4120b11
ج-و-ر,j-w-r,4,11,يُجِيرُ جار مُتَجاوِرَة جائِر,wv_56df7ce1 wn_fac6c79d wn_689b8125 wn_e3d1b866
ح-ص-ي,h-s-y,2,11,أَحْصَىٰ أَحْصَى,wv_952444ae wn_8d40cd2f
خ-و-ض,kh-w-d,2,11,خاضُ خَوْض,wv_9442a029 wn_64efa79c
ز-ب-ر,z-b-r,3,11,زُبُر زَبُور زُبَر,wn_c1b3ef85 wn_cbcf3993 wn_48c5b266
س-ب-ب,s-b-b,2,11,سَبَب يَسُبُّ,wn_36c96950 wv_f9c12285
س-ح-ب,s-h-b,2,11,سَحاب يُسْحَبُ,wn_7f02e259 wv_5c440ed7
س-ف-ر,s-f-r,4,11,سَفَر أَسْفار سَفَرَة مُسْفِرَة,wn_44157d0c wn_55fe3c13 wn_c912eb49 wn_f4e59b3b
س-ف-ه,s-f-h-2,4,11,سَفِيه سَفاهَة سَفَه سَفِهَ,wn_c1bbaee1 wn_b83628cc wn_8395647b wv_84a3be5d
ش-ق-و,sh-q-w,3,11,شَقِيّ شَقُ أَشْقَى,wn_ee3af503 wv_9f2f7a72 wn_793fd2b7
ش-ي-ع,sh-y-e,1,11,شِيعَة,wn_85a9eb19
ص-ع-ق,s-e-q,3,11,صاعِقَة صَعِقَ صَعِق,wn_55ddf801 wv_12d7a0c3 wn_30e19874
ط-ب-ع,t-b-e-2,1,11,طَبَعَ,wv_483318a0
ط-ر-ف,t-r-f-2,2,11,طَرْف طَرَف,wn_eb6f4af7 wn_7a0b21ad
ط-ر-ق,t-r-q-2,3,11,طَرِيقَة طَرِيق طارِق,wn_4ac2ff22 wn_d27eab57 wn_eb476df4
ط-و-ر,t-w-r-2,2,11,طُور أَطْوار,wn_c87b8f4d wn_3cac5a8e
ع-ذ-ر,e-dh-r,4,11,يَعْتَذِرُ مَعْذِرَة عُذْر مُعَذِّر,wv_41d2e420 wn_6634c857 wn_4bb8dd5d wn_d62c0df1
ع-ن-ب,e-n-b,1,11,عِنَب,wn_66713ee9
ع-و-ن,e-w-n,5,11,اسْتَعِينُ مُسْتَعان أَعَانَ تَعاوَنُ عَوان,wv_b8f730d4 wn_78bdc6c3 wv_30638b74 wv_7f02366e wn_16ed3892
غ-م-م,gh-m-m,3,11,غَمّ غَمام غُمَّة,wn_d2049cb3 wn_86f9c226 wn_4deb3a06
ف-ت-ي,f-t-y,4,11,يَسْتَفْتُ فِتْيَة فَتًى فَتَيان,wv_180fcd71 wn_e07fc790 wn_29fe3ebc wn_e9b35285
ف-د-ي,f-d-y,3,11,ٱفْتَدَىٰ فِدْيَة فِداء,wv_ccdaa2f7 wn_eb946dd1 wn_80e7639c
ف-ر-ر,f-r-r,3,11,فَرَّتْ فِرار مَفَرّ,wv_7d157c2e wn_f3af4096 wn_380cf1b0
ل-غ-و,l-gh-w,3,11,لَغْو لاغِيَة الْغَ,wn_edf3ce1b wn_488d75e4 wv_b4363794
و-ص-ل,w-s-l-2,2,11,يَصِلُ وَصَّلْ,wv_686c9ad1 wv_150f92ff
و-ك-أ,w-k-a,4,11,مُتَّكِئ مُتَّكَأ أَتَوَكَّؤُا۟ يَتَّكِئُ,wn_aadc6be5 wn_0cb1f059 wv_7aec17cb wv_93a810b3
ي-م-م,y-m-m,2,11,يَمّ تَيَمَّمُ,wn_14f33b09 wv_6cd66e69
ب-خ-ل,b-kh-l,1,10,بَخِلَ,wv_ac79f3d8
ب-ط-ش,b-t-sh,3,10,بَطَشْ بَطْش بَطْشَة,wv_6ed0a18f wn_ed36ef3b wn_dc6aec03
ج-ب-ر,j-b-r,1,10,جَبّار,wn_1cb17996
ج-د-د,j-d-d,3,10,جَدِيد جُدَد جَدّ,wn_4ab9d1e0 wn_0845fdd0 wn_dbd01452
ح-ر-ب,h-r-b,3,10,مِحْراب حَرْب حَارَبَ,wn_05a1426e wn_f6179a87 wv_3ac45a8f
ح-ي-ق,h-y-q,1,10,حَاقَ,wv_234f515f
د-م-ر,d-m-r,2,10,دَمَّرَ تَدْمِير,wv_c40b3bea wn_5953eab4
د-م-و,d-m-w,1,10,دَم,wn_29b71204
ر-ج-ز,r-j-z,2,10,رِجْز رُجْز,wn_279ea0f2 wn_7ff20f33
ر-ج-س,r-j-s,1,10,رِجْس,wn_da8bb804
ر-س-و,r-s-w,1,10,رَواسِي,wn_a0c0c87d
ر-ض-ع,r-d-e,5,10,أَرْضَعَتْ رَضاعَة مُرْضِعَة مَراضِع يُرْضِعْ,wv_b733b28f wn_2d29e195 wn_00961a05 wn_f946033d wv_e094755f
ز-ل-ف,z-l-f,3,10,زُلْفَى أُزْلِفَتْ زُلْفَة,wn_1c09ef91 wv_ca76b198 wn_442048f1
س-ف-ل,s-f-l,3,10,أَسْفَل سافِل سُفْلَى,wn_164ecbcd wn_e3dd9442 wn_4d62cf57
س-و-د,s-w-d,6,10,سَيِّد مُسْوَدّ اسْوَدَّتْ مُسْوَدَّة أَسْوَد سُود,wn_ea6ee92a wn_4d15cc73 wv_6e87dd95 wn_06962273 wn_5ba8fc6c wn_ea06785d
ش-ف-ق,sh-f-q,2,10,مُشْفِق أَشْفَقْ,wn_ac276134 wv_aa55f054
ش-م-ل,sh-m-l,2,10,شِمال شَمائِل,wn_e2841202 wn_8259f316
ض-ي-ع,d-y-e,1,10,أَضاعُ,wv_c8093994
ض-ي-ق,d-y-q,3,10,ضَاقَ ضَيِّق ضائِق,wv_e321e766 wn_8f6060a0 wn_8480db17
ط-و-ل,t-w-l,5,10,طَوْل طَالَ طَوِيل طُول تَطَاوَلَ,wn_d5f72bd2 wv_b71fa998 wn_3a11e92d wn_5b2ad509 wv_dba9b9a8
ع-ت-و,e-t-w,4,10,عَتَ عُتُوّ عِتِيّ عاتِيَة,wv_3b1ab7ee wn_113a60c5 wn_30fc0d0a wn_b89b8eae
ع-س-ر,e-s-r,4,10,عُسْر عَسِير عُسْرَة عَسِر,wn_d62467ec wn_1b3fdb41 wn_8bddf0ef wn_0eda10c8
غ-ي-ظ,gh-y-z,3,10,غَيْظ يَغِيظُ تَغَيُّظ,wn_bac1beed wv_10cffc10 wn_256f8dfc
ف-أ-ي,f-a-y,1,10,فِئَة,wn_646aff98
ق-د-س,q-d-s,5,10,قُدُس مُقَدَّس قُدُّوس مُقَدَّسَة نُقَدِّسُ,wn_db62729f wn_5ede3b44 wn_6b728589 wn_2449619a wv_59feec14
م-أ-ي,m-a-y,1,10,مِائَة,wn_19884d9d
م-ل-و,m-l-w,2,10,أَمْلَىٰ مَلِيّ,wv_d2d5d735 wn_deea4738
ن-ط-ق,n-t-q-2,2,10,يَنطِقُ مَنطِق,wv_3e0a580c wn_b39a293c
و-ق-د,w-q-d,3,10,أَوْقَدُ وَقُود ٱسْتَوْقَدَ,wv_3036a43c wn_9189a2e2 wv_2176a965
أ-و-ن,a-w-n,1,9,آن,wn_6ece189a
أ-ي-د,a-y-d,1,9,أَيَّدَ,wv_a685a002
ب-ر-ز,b-r-z,4,9,بَرَزَ بُرِّزَتِ بارِزَة بارِز,wv_3097411e wv_53a26298 wn_b51ef7fa wn_ecf2feee
ب-ق-ر,b-q-r,2,9,بَقَرَة بَقَر,wn_f16d88f7 wn_1b3598a7
ت-ج-ر,t-j-r,1,9,تِجارَة,wn_290ced95
ح-و-ر,h-w-r,2,9,حَوارِيّ حُور,wn_48f58bc8 wn_573dff7e
خ-ي-ل,kh-y-l,3,9,خَيْل مُخْتال يُخَيَّلُ,wn_bf689d49 wn_60924cb3 wv_556a2b05
د-ر-ك,d-r-k,2,9,أَدْرَكَ ٱدَّٰرَكَ,wv_6bea66ec wv_d263d79e
ر-م-ي,r-m-y,1,9,رَمَىٰ,wv_5e74cc95
ر-ه-ب,r-h-b,5,9,رُهْبان يَرْهَبُ رَهْبانِيَّة رَهَب تُرْهِبُ,wn_250d3d82 wv_dbedf9d7 wn_05254f3a wn_df8ec3d8 wv_dac3b7db
ز-ي-غ,z-y-gh,3,9,زَاغَ أَزَاغَ زَيْغ,wv_b91ab9a4 wv_795b54a6 wn_54180076
س-ر-ق,s-r-q,4,9,سَرَقَ سارِق سارِقَة ٱسْتَرَقَ,wv_513d81cb wn_c2c8ebb2 wn_86cf8071 wv_18d20243
ص-ع-د,s-e-d-2,6,9,صَعِيد صَعُود صَعَد تُصْعِدُ يَصَّعَّدُ يَصْعَدُ,wn_df2fbf62 wn_2b048e78 wn_34a96261 wv_326a3abc wv_a7538aec wv_d915071e
ض-ح-ك,d-h-k,3,9,ضَحِكَتْ ضاحِكَة ضاحِك,wv_823efef0 wn_8bfa8270 wn_bedef091
ع-ر-ج,e-r-j,3,9,يَعْرُجُ أَعْرَج مَعارِج,wv_9ffb191b wn_256328ac wn_e5f6e892
ع-ز-م,e-z-m,2,9,عَزْم عَزَمَ,wn_648d187b wv_7ef60b70
ع-ص-م,e-s-m,3,9,اعْتَصَمُ عاصِم ٱسْتَعْصَمَ,wv_bac1af82 wn_eaeb9fad wv_f75da444
ع-ك-ف,e-k-f,3,9,عاكِف مَعْكُوف يَعْكُفُ,wn_e3437bc9 wn_ceed088f wv_94d91a94
ع-ن-ق,e-n-q,1,9,عُنُق,wn_595fe16a
ع-و-ج,e-w-j,1,9,عِوَج,wn_1c8af786
ع-و-م,e-w-m,1,9,عام,wn_162d2a26
ف-ر-ج,f-r-j,2,9,فَرْج فُرِجَتْ,wn_06b027e0 wv_dda88970
ف-ض-ض,f-d-d,2,9,فِضَّة انفَضُّ,wn_f9429ea8 wv_a0258bd1
ف-ي-ض,f-y-d,2,9,أَفَاضَ تَفِيضُ,wv_33228567 wv_33ac6244
ق-ذ-ف,q-dh-f,1,9,قَذَفَ,wv_da1e3500
ق-ص-ر,q-s-r,4,9,قَصْر قاصِرَة مُقَصِّر مَقْصُورَة,wn_a3d2d413 wn_a22f53cc wn_65b9a267 wn_bdfed318
ق-ه-ر,q-h-r,2,9,قَهّار قاهِر,wn_fff8eb17 wn_4043eec8
ك-ن-ز,k-n-z,2,9,كَنز كَنَزْ,wn_cb5378b8 wv_d112c0a3
ن-ق-ص,n-q-s,2,9,يُنقَصُ نَقْص,wv_2419bab7 wn_8e2256b4
ب-ث-ث,b-th-th,4,8,بَثَّ مُنبَثّ مَبْثُوث مَبْثُوثَة,wv_0c158b8e wn_533f9edc wn_80e0dec6 wn_994bf865
ب-ر-ه-ن,b-r-h-n,1,8,بُرْهان,wn_b142252f
ب-ه-ت,b-h-t,2,8,بُهْتان بُهِتَ,wn_8954b760 wv_f70c23bf
ت-ر-ف,t-r-f,2,8,مُتْرَف أُتْرِفُ,wn_b02cd0b1 wv_b033c68c
ح-س-ر,h-s-r,2,8,حَسْرَة مَحْسُور,wn_e944ccdb wn_59837758
ح-ل-ي,h-l-y,2,8,حِلْيَة حُلُّ,wn_d1ac9071 wv_128ffb8b
خ-ز-ن,kh-z-n,1,8,خَزائِن,wn_7d3be85b
خ-س-ف,kh-s-f,1,8,خَسَفَ,wv_1bb01d53
د-ف-ع,d-f-e,3,8,دَفَعْ دَفْع يُدافِعُ,wv_1aeb0703 wn_08225370 wv_126dd528
ذ-ب-ح,dh-b-h,2,8,ذُبِحَ يُذَبِّحُ,wv_b1960c32 wv_310aac8b
ر-ج-م,r-j-m,3,8,رَجِيم رَجْم رُجُوم,wn_ba78a8e0 wn_740d007a wn_7ec8d441
ر-غ-ب,r-gh-b,3,8,يَرْغَبُ راغِب رَغَب,wv_0d3c79ec wn_069b0d94 wn_1d910024
س-ب-ت,s-b-t,2,8,سَبْت سُبات,wn_ad751d89 wn_563e53ae
س-ت-ت,s-t-t,2,8,سِتَّة سِتِّين,wn_9cd66dff wn_dc5ee944
س-ج-ن,s-j-n,2,8,سِجْن سِجِّين,wn_7f62e371 wn_fe9eada4
س-ق-ط,s-q-t,4,8,سُقِطَ تُسْقِطَ ساقِط تُساقِطْ,wv_0ca57769 wv_95d3af4c wn_0db80069 wv_3491dbda
س-ل-ف,s-l-f,3,8,سَلَفَ أَسْلَفَتْ سَلَف,wv_76acc851 wv_c19e25d4 wn_0cca93d6
ص-ح-ف,s-h-f,1,8,صُحُف,wn_6fbd1fc2
ص-ل-ب,s-l-b,3,8,يُصَلَّبُ صُلْب صَلَبُ,wv_4737f88c wn_698f0724 wv_c2bcf414
ص-و-ت,s-w-t-2,1,8,صَوْت,wn_486ff46c
ع-ب-ر,e-b-r,3,8,عِبْرَة عابِرِي اعْتَبِرُ,wn_c13bb4fa wn_e1126248 wv_b4158616
ع-ق-ر,e-q-r,2,8,عَقَرَ عاقِر,wv_26e612f0 wn_7021ca4e
ع-ي-ش,e-y-sh,4,8,مَعِيشَة مَعايِش عِيشَة مَعاش,wn_8c4d34d5 wn_8e2c2e50 wn_bfaf5829 wn_2049632f
غ-ب-ر,gh-b-r,2,8,غابِر غَبَرَة,wn_6591ea96 wn_664c92fd
ك-ف-ل,k-f-l,3,8,كِفْل يَكْفُلُ كَفِيل,wn_3651907c wv_711a6c3b wn_504ca545
ه-ب-ط,h-b-t-2,1,8,يَهْبِطُ,wv_faa2fe91
ه-م-م,h-m-m-2,1,8,هَمَّ,wv_b9644035
و-ب-ل,w-b-l,3,8,وَبال وابِل وَبِيل,wn_9803da68 wn_b8c5c9db wn_3237db2e
و-ر-د,w-r-d,4,8,وارِد وِرْد وَرَدَ وَرْدَة,wn_b7346ac8 wn_2fe31b06 wv_3be6ddc8 wn_5832809b
و-ق-ر,w-q-r,3,8,وَقْر وَقار وِقْر,wn_98d30eca wn_0dacc30a wn_64cc24c4
و-ه-ن,w-h-n,3,8,وَهَنَ وَهْن مُوهِن,wv_c081f863 wn_a693d257 wn_dbbbc4d5
أ-س-و,a-s-w,2,7,تَأْسَ أُسْوَة,wv_98c05186 wn_87244cac
أ-ص-ل,a-s-l,1,7,أَصِيل,wn_a1f88bed
ب-ر-ق,b-r-q,3,7,بَرْق أَبارِيق بَرِقَ,wn_34225c03 wn_83cf4089 wv_ffea96f7
ب-ض-ع,b-d-e-2,2,7,بِضاعَة بِضْع,wn_3fc3029c wn_bc052ba6
ب-ع-ل,b-e-l,1,7,بَعْل,wn_205aa2d2
ت-س-ع,t-s-e,2,7,تِسْع تِسْعَة,wn_abe8d4e5 wn_129b1cee
ح-ب-ل,h-b-l,1,7,حَبْل,wn_8b11b88d
ح-ج-ب,h-j-b,1,7,حِجاب,wn_d5e9970a
ح-ظ-ظ,h-z-z,1,7,حَظّ,wn_0acf5d4b
خ-ت-م,kh-t-m,3,7,خَتَمَ خاتَم مَخْتُوم,wv_20e5209e wn_4ab7809a wn_66b9831b
خ-ض-ر,kh-d-r,3,7,خُضْر أَخْضَر مُخْضَرَّة,wn_fbc929ee wn_42bd074b wn_bb2f2f81
خ-ط-ف,kh-t-f,3,7,يَتَخَطَّفَ خَطِفَ خَطْفَة,wv_26281ebf wv_2b9952c5 wn_fbfd46ce
خ-م-س,kh-m-s,3,7,خَمْسَة خَمْسِين خامِسَة,wn_5852b34c wn_154d66f0 wn_b1105323
د-ك-ك,d-k-k,4,7,دَكّ دُكَّتِ دَكّاء دَكَّة,wn_a802d027 wv_5942a671 wn_8091ec9d wn_db2b30fa
ر-ج-ف,r-j-f,3,7,رَجْفَة تَرْجُفُ راجِفَة,wn_e57cdb97 wv_6b9817e4 wn_ce17380b
ر-ع-ي,r-e-y,4,7,مَرْعَى راعي رَعَ رِعاء,wn_3de32114 wn_ce66f41d wv_a44697e0 wn_96b26382
ر-ه-ق,r-h-q,2,7,يَرْهَقُ رَهَق,wv_33ba9f87 wn_ca5f6ffa
ز-ن-ي,z-n-y,3,7,زانِيَة زان زِنَى,wn_c4513408 wn_ce93103c wn_de76dbf6
س-ر-ي,s-r-y,2,7,أَسْرَىٰ سَرِيّ,wv_4628fd4c wn_24ae124a
س-ك-ر,s-k-r,4,7,سُكارَى سَكْرَة سَكَر سُكِّرَتْ,wn_a969ac38 wn_1fc08008 wn_ff06c3e0 wv_c30d06e0
ض-ر-ع,d-r-e,3,7,تَضَرُّع يَتَضَرَّعُ تَضَرَّعُ,wn_8500c002 wv_1daa9fbe wv_2e891d4a
ع-ز-ل,e-z-l,1,7,ٱعْتَزَلَ,wv_03740102
ع-ص-ف,e-s-f,3,7,عَصْف عاصِف عاصِفَة,wn_43a6a8ef wn_03d7ef4b wn_48a1c4b1
ع-م-ه,e-m-h,1,7,يَعْمَهُ,wv_ac5bcd66
غ-ن-م,gh-n-m,2,7,مَغانِم غَنَم,wn_4615da22 wn_8b574d90
ف-ر-ط,f-r-t-2,3,7,فَرَّط فُرُط مُفْرَط,wv_d9aa7444 wn_05f1005f wn_eba67452
ف-ي-أ,f-y-a,3,7,فاءُ أَفَآءَ يَتَفَيَّؤُا۟,wv_258f1543 wv_7a3e99f1 wv_32c40244
ق-ب-ر,q-b-r,2,7,قَبْر مَقابِر,wn_72c26ebd wn_a8458229
ق-ي-ل,q-y-l,2,7,قائِل مَقِيل,wn_5220e74e wn_dbfb193d
ل-ط-ف,l-t-f,1,7,لَطِيف,wn_79370370
م-و-ج,m-w-j,2,7,مَوْج يَمُوجُ,wn_1e3cf7c9 wv_363c8d69
ن-د-م,n-d-m,2,7,نادِم نَدامَة,wn_cee25aa4 wn_908b48d1
ن-ص-ف,n-s-f-2,1,7,نِصْف,wn_7a5eb35f
ن-ق-ض,n-q-d,2,7,نَقَضَتْ أَنقَضَ,wv_bf97194d wv_2701a5b5
ن-و-ق,n-w-q,1,7,ناقَة,wn_eec8c428
أ-د-ي,a-d-y,2,6,يُؤَدِّ أَداء,wv_9ef6e079 wn_745abe85
ب-ك-م,b-k-m,1,6,أَبْكَم,wn_5d749da7
ب-ك-ي,b-k-y,2,6,بَكَتْ بُكِيّ,wv_fe3763b8 wn_e55f7abe
ت-ب-ر,t-b-r,4,6,تَتْبِير تَبَّرْ مُتَبَّر تَبار,wn_b28c1f6a wv_87bd6a4d wn_a970b5e0 wn_b2f96042
ث-ق-ف,th-q-f,1,6,ثُقِفُ,wv_8bf04cd3
ح-ب-ر,h-b-r,2,6,أَحْبار يُحْبَرُ,wn_49df1262 wv_d9fe73f0
ح-ر-ق,h-r-q,2,6,حَرِيق احْتَرَقَتْ,wn_bbc91d0c wv_f2f76ab8
ح-ص-ر,h-s-r-2,4,6,حَصِرَتْ أُحْصِرُ حَصُور حَصِير,wv_9bf20a70 wv_f3ac8dd4 wn_8124d6f6 wn_d9861448
ح-م-ر,h-m-r,2,6,حِمار حُمْر,wn_a4edef5e wn_569e9e39
خ-م-ر,kh-m-r,1,6,خَمْر,wn_33ec5f36
د-أ-ب,d-a-b,3,6,دَأْب دَأَب دائِبَيْن,wn_5648afd0 wn_36c9a418 wn_d4eddc94
ر-ص-د,r-s-d,4,6,مِرْصاد رَصَد مَرْصَد إِرْصاد,wn_4e48a539 wn_7aebd28d wn_5ad2edbb wn_99d9e490
ز-ج-ر,z-j-r,5,6,زَجْرَة زاجِرَة مُزْدَجَر زَجْر ازْدُجِرَ,wn_ac53d6ac wn_5f2bcad7 wn_86692484 wn_a699f086 wv_5e970e27
ز-ل-ز-ل,z-l-z-l,3,6,زُلْزِلُ زِلْزال زَلْزَلَة,wv_caeaf77e wn_09561300 wn_1ed2fd31
ز-و-ر,z-w-r,3,6,زُور زُرْ تَزاوَرُ,wn_0c94bddb wv_773b7c0c wv_cce187f6
ز-ي-ت,z-y-t,2,6,زَيْتُون زَيْتُونَة,wn_ef188b37 wn_42b82a7a
س-د-د,s-d-d,2,6,سَدّ سَدِيد,wn_dd6d91e0 wn_2db81a47
ش-ف-ي,sh-f-y,2,6,شِفاء يَشْفِ,wn_70177154 wv_27b1f680
ص-ي-د,s-y-d,2,6,صَيْد اصْطادُ,wn_57736595 wv_d684c484
ض-ح-و,d-h-w,1,6,ضُحًى,wn_64998d09
ض-و-أ,d-w-a,2,6,ضِياء أَضَآءَ,wn_0450b574 wv_6a696817
ع-ق-د,e-q-d,3,6,عُقْدَة عَقَدَتْ عَقَّد,wn_da40a640 wv_bebf3f28 wv_c366c904
غ-ر-ف,gh-r-f,2,6,غُرْفَة ٱغْتَرَفَ,wn_a4bb821b wv_61bbe8f3
ف-ر-غ,f-r-gh,3,6,أَفْرِغْ فَرَغْ فارِغ,wv_acb99822 wv_f8336750 wn_5bad326d
ف-ز-ع,f-z-e,3,6,فَزِعَ فَزَع فُزِّعَ,wv_f16e65b3 wn_39111bfa wv_61fc9bef
ق-ب-ض,q-b-d,2,6,قَبَضْ قَبْض,wv_91ad82fa wn_a1904751
ق-س-و,q-s-w,2,6,قاسِيَة قَسَتْ,wn_c66feeb9 wv_2cad02ee
ق-ص-د,q-s-d,5,6,مُقْتَصِد قاصِد مُقْتَصِدَة قَصْد اقْصِدْ,wn_c253d6a1 wn_0b791e18 wn_634d81c3 wn_b26e9f5a wv_127e2d5a
ك-أ-س,k-a-s,1,6,كَأْس,wn_fc26bedd
ك-ر-ر,k-r-r,1,6,كَرَّة,wn_700f67d7
ك-ظ-م,k-z-m,3,6,كَظِيم كاظِم مَكْظُوم,wn_1f293aca wn_ff43d423 wn_41bac503
ك-ه-ف,k-h-f,1,6,كَهْف,wn_23f79983
ل-ؤ-ل-ؤ,l-a-l-a,1,6,لُؤْلُؤ,wn_2e3141cf
ل-و-ح,l-w-h,2,6,لَوْح لَوّاحَة,wn_9263c6bf wn_74f192de
م-ق-ت,m-q-t,1,6,مَقْت,wn_df182fe2
م-ك-ث,m-k-th,2,6,مَكَثَ ماكِث,wv_be02c59d wn_e1e9e84e
م-ي-ل,m-y-l,3,6,يَمِيلُ مَيْل مَيْلَة,wv_cf784ef0 wn_c31bce34 wn_01bb4553
ن-د-د,n-d-d,1,6,أَنداد,wn_d274af6b
ن-ز-غ,n-z-gh,2,6,نَّزَغَ نَزْغ,wv_4ede625d wn_11e10ff4
ن-س-ك,n-s-k,2,6,مَنسَك نُسُك,wn_a6564c16 wn_73396f49
ن-ك-ث,n-k-th,1,6,نَّكَثَ,wv_2cbff62a
و-ع-ي,w-e-y,3,6,وِعاء أَوْعَىٰٓ واعِيَة,wn_5c269619 wv_b5cb81bd wn_e332fe12
أ-ر-ك,a-r-k,1,5,أَرائِك,wn_45ae7543
أ-س-ر,a-s-r,2,5,أَسِير تَأْسِرُ,wn_e8bbf7ce wv_f4e1e328
أ-ن-ي,a-n-y,2,5,آناء آنِيَة,wn_06355d03 wn_dc3fb700
ب-ر-ج,b-r-j,2,5,بُرُوج تَبَرُّج,wn_1e403e0f wn_925b09d8
ب-غ-ض,b-gh-d,1,5,بَغْضاء,wn_0ccadc28
ث-ب-ر,th-b-r,2,5,ثُبُور مَثْبُور,wn_b6b9f1d3 wn_6172f469
ث-و-ر,th-w-r,1,5,أَثارُ,wv_8146328b
ج-ث-م,j-th-m,1,5,جاثِم,wn_c37290be
ج-و-ز,j-w-z,2,5,جَاوَزَ نَتَجاوَزُ,wv_4f795fd1 wv_001d0589
ح-ر-ص,h-r-s-2,3,5,حَرَصْ حَرِيص أَحْرَص,wv_2441f578 wn_895e4392 wn_c9e66e16
ح-ص-ب,h-s-b-2,2,5,حاصِب حَصَب,wn_81208a45 wn_7c1318d2
ح-ص-د,h-s-d-2,2,5,حَصِيد حَصَد,wn_99adf8a5 wv_31c497f4
ح-ط-م,h-t-m-2,2,5,حُطام حُطَمَة,wn_e795c611 wn_8851db9b
ح-م-ي,h-m-y,3,5,حَمِيَّة حامِيَة يُحْمَى,wn_2f31343e wn_aee028d4 wv_f6d7278f
ح-و-ت,h-w-t,1,5,حُوت,wn_d323921a
ح-ي-ص,h-y-s,1,5,مَحِيص,wn_7bc07a5f
خ-ر-ص,kh-r-s,2,5,يَخْرُصُ خَرّاص,wv_9c4ceb3d wn_c716949e
خ-ن-ز-ر,kh-n-z-r,1,5,خِنزِير,wn_e3b9412c
خ-و-ي,kh-w-y,1,5,خاوِيَة,wn_abac7ce3
خ-ي-ب,kh-y-b,2,5,خَابَ خائِب,wv_400ddd71 wn_d91e31e4
د-ر-س,d-r-s,1,5,دَرَسُ,wv_d5a60825
ذ-ر-ع,dh-r-e,2,5,ذَرْع ذِراع,wn_988846f7 wn_b6e6dd1c
ذ-م-م,dh-m-m,2,5,مَذْمُوم ذِمَّة,wn_1892b637 wn_a5a04723
ر-ع-ب,r-e-b,1,5,رُعْب,wn_40ea03ff
ر-ف-ق,r-f-q,4,5,مُرْتَفَق رَفِيق مِرْفَق مَرافِق,wn_4a1a62c0 wn_a032d786 wn_e9af3a84 wn_fe3338f5
س-ب-ط,s-b-t-2,1,5,أَسْباط,wn_9037d825
ش-ت-ت,sh-t-t,2,5,شَتَّى أَشْتات,wn_004fd8df wn_bfee7331
ش-ح-ح,sh-h-h,1,5,شُحّ,wn_c4cafb47
ش-ر-ح,sh-r-h,1,5,شَرَحَ,wv_948c3202
ش-ر-ع,sh-r-e,4,5,شَرَعَ شُرَّع شِرْعَة شَرِيعَة,wv_bcc6be0c wn_50d03a27 wn_aada969f wn_eb020912
ش-ط-ر,sh-t-r,1,5,شَطْر,wn_ae2c6eda
ش-ه-ب,sh-h-b,2,5,شِهاب شُهُب,wn_098e97c9 wn_b986a91c
ص-ب-ب,s-b-b-2,2,5,صَبَّ صَبّ,wv_63562955 wn_beeb4225
ص-د-ف,s-d-f,2,5,صَدَفَ صَدَفَيْن,wv_b1438685 wn_415300c8
ص-ر-ر,s-r-r-2,2,5,أَصَرُّ صِرّ,wv_28410b7e wn_be5e4883
ص-ف-ر,s-f-r-2,3,5,مُصْفَرّ صَفْراء صُفْر,wn_8978c15a wn_0730f1f2 wn_d9544837
ص-ن-م,s-n-m,1,5,أَصْنام,wn_3606ba90
ض-ي-ف,d-y-f,1,5,ضَيْف,wn_abb5165c
ط-م-س,t-m-s,1,5,طُمِسَتْ,wv_c34e4538
ع-ص-ب,e-s-b,2,5,عُصْبَة عَصِيب,wn_8dfe1b66 wn_6d706238
ع-ل-ق,e-l-q,1,5,عَلَقَة,wn_f44e079a
ع-م-د,e-m-d,2,5,عَمَد مُتَعَمِّد,wn_244aca4b wn_d6e62be7
غ-ي-ث,gh-y-th,2,5,غَيْث يُغاثُ,wn_b102919c wv_3cccf582
ف-خ-ر,f-kh-r,2,5,فَخُور تَفاخُر,wn_c1bb2fee wn_f65a963c
ف-ر-د,f-r-d,2,5,فَرْد فُرادَى,wn_f12acd32 wn_40345dbb
ف-و-ج,f-w-j,1,5,فَوْج,wn_7b8bc23c
ق-د-د,q-d-d,2,5,قُدَّ قِدَد,wv_f8e73d08 wn_ed29ddc4
ق-ر-ع,q-r-e,1,5,قارِعَة,wn_1b1dd665
ق-ر-ف,q-r-f,2,5,اقْتَرَفْ مُقْتَرِف,wv_d5abada1 wn_423f2c21
ق-ص-و,q-s-w-2,3,5,أَقْصا قُصْوَى قَصِيّ,wn_0a9e7203 wn_5d83bca6 wn_6b44e6ff
ق-ن-ط,q-n-t-2,2,5,قَنَطُ قَنُوط,wv_a320bd95 wn_c2c556c1
ك-س-ف,k-s-f,2,5,كِسَف كِسْف,wn_1e76870b wn_c1535664
ك-ل-ب,k-l-b,1,5,كَلْب,wn_3a9fd95a
ك-م-ل,k-m-l,3,5,كامِلَة أَكْمَلْ كامِلَيْن,wn_78cd16d7 wv_5f4b7146 wn_b3383c91
ك-و-ك-ب,k-w-k-b,1,5,كَوْكَب,wn_db62f532
ل-ح-د,l-h-d,2,5,يُلْحِدُ مُلْتَحَد,wv_6f83de13 wn_4403c176
ل-م-س,l-m-s,2,5,لَمَسُ الْتَمِسُ,wv_6eeb2161 wv_bbfda7bf
ل-و-ي,l-w-y,3,5,يَلْ لَيّ لَوَّ,wv_c0184f55 wn_c6048c80 wv_a46167dc
م-ر-ج,m-r-j,3,5,مَرْجان مَرَجَ مَرِيج,wn_68ae0fa0 wv_a666799d wn_abd28fd6
م-ر-د,m-r-d,4,5,مَرِيد مارِد مُمَرَّد مَرَدُ,wn_f568ab13 wn_4a8601d1 wn_90b5ae8b wv_e8630073
م-ص-ر,m-s-r,1,5,مِصْر,wn_25e469d5
م-ض-ي,m-d-y,2,5,مَضَىٰ مُضِيّ,wv_ab8d1a60 wn_6149764f
م-ي-د,m-y-d,2,5,تَمِيدَ مائِدَة,wv_daf511b4 wn_02844318
ن-س-ف,n-s-f,2,5,نُسِفَتْ نَسْف,wv_305189ba wn_0bb474c2
ن-ف-د,n-f-d,2,5,نَفِدَ نَفاد,wv_3588c504 wn_295943d6
ن-ك-ل,n-k-l,3,5,نَكال تَنكِيل أَنكال,wn_72f2fb07 wn_45a2c0a4 wn_a8375898
ن-و-م,n-w-m,2,5,نَوْم نائِم,wn_a808b1b3 wn_d85a061e
ه-ز-ز,h-z-z-2,2,5,اهْتَزَّتْ هُزِّ,wv_d3d42f25 wv_a49249d1
و-ج-ل,w-j-l,3,5,وَجِلَتْ وَجِل وَجِلَة,wv_576063fe wn_3a16ed3e wn_5496da96
و-س-و-س,w-s-w-s,2,5,وَسْوَسَ وَسْواس,wv_6cb6deea wn_0c91fd0c
أ-س-ف,a-s-f,2,4,أَسِف أَسَف,wn_740cea9c wn_dfb85942
أ-ف-ل,a-f-l,2,4,أَفَلَ آفِل,wv_27c06fa4 wn_8c4b5782
أ-م-د,a-m-d,1,4,أَمَد,wn_ecdb3454
ب-ر-د,b-r-d,2,4,بارِد بَرْد,wn_868defcb wn_e6a2a860
ب-ل-س,b-l-s,1,4,مُبْلِس,wn_63714935
ب-و-ل,b-w-l,1,4,بال,wn_8ed66ea0
ج-د-ر,j-d-r,3,4,جِدار أَجْدَر جُدُر,wn_13899762 wn_44d2ad5c wn_a44454da
ج-س-د,j-s-d,1,4,جَسَد,wn_0f40f61e
ج-و-ع,j-w-e,1,4,جُوع,wn_8d2a2b7e
ح-ر-ف,h-r-f,1,4,يُحَرِّفُ,wv_31b8ee46
ح-س-د,h-s-d,2,4,حَسَدَ حَسَد,wv_dbbfe7d4 wn_b88fdca5
ح-س-س,h-s-s,2,4,أَحَسَّ تَحَسَّسُ,wv_09f236a2 wv_30aab50f
خ-ر-ق,kh-r-q,1,4,خَرَقَ,wv_f51811f6
خ-س-أ,kh-s-a,2,4,خاسِئ اخْسَأُ,wn_9d3a1cb0 wv_1e23d070
خ-ص-ص,kh-s-s,3,4,يَخْتَصُّ خَصاصَة خاصَّة,wv_08f43dc8 wn_2dc71fb5 wn_9042f80e
خ-ف-ض,kh-f-d,2,4,اخْفِضْ خافِضَة,wv_683160d0 wn_c5b96f3f
خ-ل-ط,kh-l-t,2,4,ٱخْتَلَطَ خَلَطُ,wv_4ce8987e wv_b326085b
د-ح-ر,d-h-r,2,4,مَدْحُور دُحُور,wn_c1c4f54e wn_7834bc33
د-خ-ر,d-kh-r,1,4,داخِر,wn_ba85c113
د-ر-أ,d-r-a,1,4,يَدْرَؤُا۟,wv_b2dbb846
د-ر-ر,d-r-r,2,4,مِدْرار دُرِّيّ,wn_0e63685e wn_03f00318
ر-ب-ط,r-b-t,2,4,رَبَطْ رابِطُ,wv_22d53a88 wv_ba200251
ر-ت-ل,r-t-l,2,4,تَرْتِيل رَتَّلْ,wn_405705e5 wv_0534dd65
ر-ح-ل,r-h-l,2,4,رَحْل رِحْلَة,wn_0b1d81f8 wn_806d892a
ر-ذ-ل,r-dh-l,1,4,أَرْذَل,wn_cdbe1b9e
ز-خ-ر-ف,z-kh-r-f,1,4,زُخْرُف,wn_49716db3
ز-ه-ق,z-h-q,2,4,زَهَقَ زاهِق,wv_ef8abcb4 wn_cd269e9b
ز-و-ل,z-w-l,2,4,زالَ زَوال,wv_6b4f6a7c wn_909f7c5c
س-د-ر,s-d-r,2,4,سِدْر سِدْرَة,wn_3e1b54c3 wn_e707a6ff
س-ر-ب,s-r-b,3,4,سَراب سارِب سَرَب,wn_15bf4528 wn_381aa499 wn_7abfc63a
س-ر-ج,s-r-j,1,4,سِراج,wn_c82e3249
س-ر-ح,s-r-h,3,4,سَراح تَسْرِيح تَسْرَحُ,wn_ac6b22b4 wn_07cee767 wv_0347f5df
س-ف-ن,s-f-n,1,4,سَفِينَة,wn_ce9255c4
س-ق-ف,s-q-f,1,4,سَقْف,wn_a7104404
س-م-م,s-m-m,2,4,سَمُوم سَمّ,wn_f5d4408b wn_37e7f82a
س-ن-ب-ل,s-n-b-l,1,4,سُنبُلَة,wn_c51c9a5c
س-و-ل,s-w-l,1,4,سَوَّلَ,wv_f6c6d3f5
س-و-م,s-w-m,2,4,مُسَوَّمَة تُسِيمُ,wn_a00deeea wv_dff75543
ش-أ-ن,sh-a-n,1,4,شَأْن,wn_62627d9c
ش-ي-خ,sh-y-kh,1,4,شَيْخ,wn_2e04195b
ص-ر-ح,s-r-h-2,1,4,صَرْح,wn_79b61a02
ط-ب-ق,t-b-q,1,4,طَبَق,wn_eb3aef82
ط-ف-ل,t-f-l,1,4,طِفْل,wn_acd644e5
ط-ل-ب,t-l-b,4,4,طَلَب مَطْلُوب طالِب يَطْلُبُ,wn_06ad880d wn_1e960b6b wn_8115f35b wv_a1221af5
ط-و-ي,t-w-y,3,4,طُوًى مَطْوِيَّة نَطْوِي,wn_dd10ce4c wn_7371d1a4 wv_65b8b988
ع-ت-ب,e-t-b,1,4,يَسْتَعْتِبُ,wv_2bf0b291
ع-ج-م,e-j-m,2,4,أَعْجَمِيّ أَعْجَمِين,wn_3759d40f wn_fa850d87
ع-ق-م,e-q-m,1,4,عَقِيم,wn_83a18150
ع-ن-ت,e-n-t,2,4,عَنِ عَنَت,wv_84b84624 wn_4bbc5c49
ع-و-ر,e-w-r,1,4,عَوْرَة,wn_f4dd88c2
غ-ر-م,gh-r-m,2,4,مَغْرَم غارِم,wn_91fcff06 wn_33360aba
غ-س-ق,gh-s-q,3,4,غَسّاق غَسَق غاسِق,wn_d9f7755a wn_940acf04 wn_cdf643e0
غ-ض-ض,gh-d-d,1,4,يَغُضُّ,wv_bb316d2b
غ-م-ر,gh-m-r,2,4,غَمْرَة غَمَرَة,wn_b1e62b03 wn_8d488104
غ-و-ث,gh-w-th,1,4,ٱسْتَغَٰثَ,wv_7108be09
ف-ر-ش,f-r-sh,2,4,فِراش فَرْش,wn_0bcad6a6 wn_db83d567
ف-ش-ل,f-sh-l,1,4,فَشِلْ,wv_80f08c5c
ف-ل-ق,f-l-q,3,4,فالِق فَلَق ٱنفَلَقَ,wn_8b840d4f wn_67a62bf4 wv_967d05ea
ق-ف-و,q-f-w,1,4,قَفَّيْ,wv_bd0c0d17
ق-ل-د,q-l-d,2,4,مَقالِيد قَلائِد,wn_6855ba99 wn_b5d25704
ق-ل-م,q-l-m,1,4,قَلَم,wn_d949c81b
ق-ن-ط-ر,q-n-t-r,2,4,قِنطار مُقَنطَرَة,wn_373974df wn_4f5eda56
ك-ر-ب,k-r-b,1,4,كَرْب,wn_167ac50a
ك-ع-ب,k-e-b,3,4,كَعْبَة كَواعِب كَعْبَيْن,wn_2d51c483 wn_07513b97 wn_276ae3fc
ك-و-ب,k-w-b,1,4,أَكْواب,wn_6f1eb7ba
ل-ج-ج,l-j-j,3,4,لَجُّ لُجِّيّ لُجَّة,wv_ba790eab wn_b52449a4 wn_e65a43c6
ل-ح-ق,l-h-q,1,4,أَلْحَقْ,wv_473e7b47
ل-م-ز,l-m-z,2,4,يَلْمِزُ لُمَزَة,wv_1ecc0d34 wn_127cfb71
ل-ي-ن,l-y-n,3,4,لِن لَيِّن أَلَ,wv_20e11e04 wn_c73a7a54 wv_d6fef4b6
م-ج-د,m-j-d,1,4,مَجِيد,wn_00e72dc5
م-ز-ق,m-z-q,2,4,مُمَزَّق مُزِّقْ,wn_8d67c044 wv_5ed6ac3e
م-ه-ن,m-h-n,1,4,مَهِين,wn_9356dec5
م-ي-ز,m-y-z,3,4,يَمِيزَ امْتازُ تَمَيَّزُ,wv_642f02be wv_02ab30d2 wv_5fa22e11
ن-ح-ت,n-h-t,1,4,يَنْحِتُ,wv_587a5305
ن-س-ل,n-s-l,2,4,نَسْل يَنسِلُ,wn_61f6a246 wv_1d17bc70
ن-ش-ز,n-sh-z,2,4,نُشُوز انشُزُ,wn_981d758d wv_58b21a9e
ن-ع-ج,n-e-j,1,4,نَعْجَة,wn_9e1d565f
ن-ف-ل,n-f-l,2,4,نافِلَة أَنفال,wn_4a9afdd1 wn_c8454f60
ن-ق-ذ,n-q-dh,1,4,أَنقَذَ,wv_0e9b2543
ن-م-ل,n-m-l,3,4,نَمْل نَمْلَة أَنامِل,wn_c6994669 wn_44f82538 wn_7bdb3cf9
ه-ا-ت,h-a-t,1,4,هاتُ,wv_28c52073
ه-ل-ل,h-l-l-2,1,4,أُهِلَّ,wv_70508190
ه-ن-أ,h-n-a,1,4,هَنِيئ,wn_6a60a04c
و-ف-ق,w-f-q,3,4,تَوْفِيق وِفاق يُوَفِّقِ,wn_f5101e41 wn_d84b6051 wv_23be061a
و-ق-ف,w-q-f,2,4,وُقِفُ مَوْقُوف,wv_b40f2927 wn_e905f9b6
ي-ب-س,y-b-s,3,4,يابِسَة يَبَس يابِس,wn_acf2c0e8 wn_16247a70 wn_265348b0
أ-ب-ل,a-b-l,2,3,إِبِل أَبابِيل,wn_f11fc468 wn_c0451eeb
أ-ج-ج,a-j-j,1,3,أُجاج,wn_1d01250b
أ-ز-ف,a-z-f,2,3,آزِفَة أَزِفَتِ,wn_4350724b wv_4233d2d3
أ-س-س,a-s-s,1,3,أَسَّسَ,wv_3a5b29c6
أ-ص-ر,a-s-r-2,1,3,إِصْر,wn_3e29494d
أ-ف-ف,a-f-f,1,3,أُفّ,wn_64a40eaf
أ-ن-ف,a-n-f,2,3,أَنف آنِف,wn_8d5537ea wn_7020af78
ب-د-ع,b-d-e,2,3,بَدِيع بِدْع,wn_3c861561 wn_92378cf3
ب-ر-ز-خ,b-r-z-kh,1,3,بَرْزَخ,wn_53f424ff
ب-ه-م,b-h-m,1,3,بَهِيمَة,wn_ddc3af2d
ب-و-ر,b-w-r,2,3,بُور بَوار,wn_b3a2340f wn_d7da6d0f
ت-ب-ب,t-b-b,2,3,تَبَّ تَتْبِيب,wv_14a7dad1 wn_87d1e784
ث-ل-ل,th-l-l,1,3,ثُلَّة,wn_fc0ff5d2
ج-أ-ر,j-a-r,1,3,يَجْأَرُ,wv_9c8115e9
ج-ر-ح,j-r-h,3,3,جُرُوح جَرَحْ اجْتَرَحُ,wn_143a2847 wv_5b0a9749 wv_9d83f3ea
ج-ز-أ,j-z-a,1,3,جُزْء,wn_d334d950
ج-ل-و,j-l-w,2,3,تَجَلَّىٰ جَلاء,wv_05b32e7b wn_1b2c29e7
ح-د-ق,h-d-q,1,3,حَدائِق,wn_790f602c
ح-ر-ض,h-r-d,2,3,حَرِّضِ حَرَض,wv_312ac080 wn_9fdc1e27
ح-و-ج,h-w-j,1,3,حاجَة,wn_60e22919
ح-ي-ض,h-y-d-2,1,3,مَحِيض,wn_b326c31a
خ-ب-ت,kh-b-t,2,3,أَخْبَتُ مُخْبِت,wv_26b17311 wn_dd0a32f7
خ-ط-ب,kh-t-b,1,3,خِطاب,wn_06f9d9ff
خ-و-ل,kh-w-l,1,3,خَوَّلَ,wv_16ba9e5d
خ-ي-ط,kh-y-t,2,3,خَيْط خِياط,wn_ff28eb52 wn_7fb5f4b6
د-ع-ع,d-e-e,2,3,يَدُعُّ دَعّ,wv_bead0be4 wn_3b986772
د-ل-و,d-l-w,2,3,أَدْلَىٰ تَدَلَّىٰ,wv_4fda7d15 wv_f4c3dabc
د-ه-ن,d-h-n,2,3,يُدْهِنُ مُدْهِن,wv_c026ebee wn_c394a699
ذ-أ-ب,dh-a-b,1,3,ذِئْب,wn_a5315629
ر-د-ف,r-d-f,3,3,رادِفَة مُرْدِف رَدِفَ,wn_e569ca1d wn_f29e537b wv_860fc9fb
ر-غ-د,r-gh-d,1,3,رَغَد,wn_13dfa007
ر-ق-م,r-q-m,2,3,مَرْقُوم رَقِيم,wn_94452811 wn_d9830abe
ر-ك-ض,r-k-d-2,1,3,يَرْكُضُ,wv_9ecdb5cb
ر-ك-م,r-k-m,3,3,مَرْكُوم رُكام يَرْكُمَ,wn_1c502321 wn_bbaa2925 wv_264417bf
ر-م-ن,r-m-n,1,3,رُمّان,wn_21ae7398
ر-ه-ط,r-h-t,1,3,رَهْط,wn_c3a25b5e
ر-ه-ن,r-h-n,3,3,رَهِين رِهان رَهِينَة,wn_578b3299 wn_94e0c1a3 wn_c844373a
ر-و-غ,r-w-gh,1,3,رَاغَ,wv_99e32227
ز-ب-د,z-b-d,1,3,زَبَد,wn_e7b69e2d
ز-ج-و,z-j-w,2,3,يُزْجِي مُزْجاة,wv_751d0620 wn_4059b02f
ز-ف-ر,z-f-r,1,3,زَفِير,wn_c49ea951
ز-ق-م,z-q-m,1,3,زَقُّوم,wn_bef1ebf4
س-ت-ر,s-t-r,3,3,سِتْر مَسْتُور تَسْتَتِرُ,wn_d37a4870 wn_ddc3e787 wv_521fcd5b
س-ج-ر,s-j-r,3,3,مَسْجُور سُجِّرَتْ يُسْجَرُ,wn_38e92d77 wv_1569db51 wv_837c35af
س-ح-ت,s-h-t,1,3,سُحْت,wn_ca082949
س-خ-ط,s-kh-t,2,3,سَخِطَ أَسْخَطَ,wv_853802b5 wv_04e4372d
س-د-س,s-d-s,1,3,سُدُس,wn_0402e6b1
س-ر-ب-ل,s-r-b-l,1,3,سَرابِيل,wn_4e607ecf
س-ل-خ,s-l-kh,2,3,ٱنسَلَخَ نَسْلَخُ,wv_cf007315 wv_81954c13
س-ل-س-ل,s-l-s-l,1,3,سِلْسِلَة,wn_3368a99e
س-ل-و,s-l-w,1,3,سَلْوَى,wn_25b28c9c
س-م-ر,s-m-r,1,3,سامِرِيّ,wn_cb5ac51d
س-م-ن,s-m-n,1,3,سَمِين,wn_76e1faf7
س-ي-ح,s-y-h,3,3,سائِح سائِحَة سِيحُ,wn_93d207fe wn_e51613ad wv_5439ea11
س-ي-ل,s-y-l,2,3,سَيْل أَسَلْ,wn_31ac2808 wv_5038b0a4
ش-ح-ن,sh-h-n,1,3,مَشْحُون,wn_603d60cb
ش-و-ر,sh-w-r,3,3,شُورَى تَشاوُر أَشارَتْ,wn_ba523202 wn_f7f3b923 wv_68344a9d
ش-ي-ب,sh-y-b,3,3,شَيْبَة شَيْب شِيب,wn_67f1d163 wn_9f6bca62 wn_f90d87f9
ص-ب-أ,s-b-a,1,3,صابِئ,wn_62658781
ص-ب-غ,s-b-gh-2,2,3,صِبْغَة صِبْغ,wn_b9f2b643 wn_14390932
ص-ب-و,s-b-w,2,3,صَبِيّ أَصْبُ,wn_c1e1c480 wv_3389cabe
ص-د-ع,s-d-e,3,3,مُتَصَدِّع اصْدَعْ يَصَّدَّعُ,wn_e28b1ed5 wv_c87e05c2 wv_dce1dc56
ص-ر-ص-ر,s-r-s-r,1,3,صَرْصَر,wn_a186350f
ص-و-ر,s-w-r-2,1,3,صُورَة,wn_1c39c708
ض-غ-ث,d-gh-th,1,3,ضِغْث,wn_ab374664
ط-ف-ق,t-f-q,1,3,طَفِقَ,wv_0daa2225
ع-ب-س,e-b-s,2,3,عَبَسَ عَبُوس,wv_7a9aa9dc wn_284344fb
ع-ص-ر,e-s-r-2,2,3,يَعْصِرُ إِعْصار,wv_aa4044e1 wn_9665a34f
ع-ي-ر,e-y-r,1,3,عِير,wn_82c63fd1
غ-و-ر,gh-w-r,2,3,غَوْر مَغارَة,wn_3f23deb1 wn_3bf32b82
ف-ت-ل,f-t-l,1,3,فَتِيل,wn_e5278229
ف-ج-ج,f-j-j,1,3,فَجّ,wn_e93e7faf
ف-ر-ت,f-r-t,1,3,فُرات,wn_90cab594
ف-ز-ز,f-z-z,1,3,يَسْتَفِزَّ,wv_4998f292
ف-س-ح,f-s-h,2,3,يَفْسَحِ تَفَسَّحُ,wv_68f5bc2e wv_2214e741
ف-و-ر,f-w-r,1,3,فَارَ,wv_d1f7877d
ق-ب-س,q-b-s,2,3,قَبَس نَقْتَبِسْ,wn_7635963c wv_760713c6
ق-ت-ر,q-t-r,3,3,قَتَر قَتُور قَتَرَة,wn_2809e665 wn_833352a3 wn_a845df87
ق-ر-ح,q-r-h,1,3,قَرْح,wn_133c50ec
ق-ر-د,q-r-d,1,3,قِرَدَة,wn_4b77cff4
ك-ب-ت,k-b-t,1,3,كُبِتَ,wv_1f072412
ك-س-و,k-s-w,1,3,كَسَوْ,wv_08debb0f
ك-و-ر,k-w-r,1,3,كُوِّرَتْ,wv_8540503b
ل-ج-أ,l-j-a,1,3,مَلْجَإ,wn_713ea37b
ل-ذ-ذ,l-dh-dh,2,3,لَذَّة تَلَذُّ,wn_5f0b92c6 wv_347a0ae9
ل-ف-ف,l-f-f,3,3,لَفِيف أَلْفاف الْتَفَّتِ,wn_1f994f13 wn_ce06ac60 wv_76ec77a2
ل-ف-و,l-f-w,1,3,أَلْفَ,wv_5fe60f33
ل-ق-ف,l-q-f,1,3,تَلْقَفُ,wv_309c4858
ل-ه-ب,l-h-b,1,3,لَهَب,wn_7cb7e3df
م-ت-ن,m-t-n,1,3,مَتِين,wn_198324eb
م-ح-و,m-h-w,1,3,مَحَوْ,wv_8b4f9369
م-ر-ح,m-r-h,2,3,مَرَح تَمْرَحُ,wn_cf12336a wv_2c496d15
م-ض-غ,m-d-gh,1,3,مُضْغَة,wn_6a9f3121
م-و-ر,m-w-r,2,3,تَمُورُ مَوْر,wv_f2ab8c2c wn_d33da9ee
ن-أ-ي,n-a-y,1,3,نََٔا,wv_9ad04a74
ن-ث-ر,n-th-r,2,3,مَنثُور انتَثَرَتْ,wn_aa06341f wv_eb344337
ن-ح-س,n-h-s,3,3,نَحْس نَحِسَة نُحاس,wn_c38ab974 wn_d8263f78 wn_e1791364
ن-س-ب,n-s-b,1,3,نَسَب,wn_0d1fe205
ن-ص-ي,n-s-y-2,1,3,ناصِيَة,wn_f6f19563
ن-ض-د,n-d-d-2,2,3,مَنضُود نَضِيد,wn_654e80d1 wn_64348c33
ن-ض-ر,n-d-r,2,3,نَضْرَة ناضِرَة,wn_ae5b2964 wn_6b8f0d8c
ن-ف-ذ,n-f-dh,1,3,تَنفُذُ,wv_b3a87cc6
ن-ق-ب,n-q-b,3,3,نَقْب نَقِيب نَقَّبُ,wn_2c431457 wn_d5c930bf wv_7e326cf8
ن-ق-ر,n-q-r,2,3,نَقِير نُقِرَ,wn_60790db0 wv_40483f79
ن-ك-ف,n-k-f,1,3,اسْتَنكَفُ,wv_57dc0c79
ه-ط-ع,h-t-e,1,3,مُهْطِع,wn_b556ee23
و-ت-د,w-t-d,1,3,أَوْتاد,wn_6bdc6fe8
و-ث-ن,w-th-n,1,3,أَوْثان,wn_7927e34f
و-ج-س,w-j-s,1,3,أَوْجَسَ,wv_de4ee332
و-د-ع,w-d-e,2,3,مُسْتَوْدَع دَعْ,wn_5b292f18 wv_d62e2dce
و-ز-ع,w-z-e,1,3,يُوزَعُ,wv_a12b068e
أ-ث-ث,a-th-th,1,2,أَثاث,wn_cf5af4da
أ-ش-ر,a-sh-r,1,2,أَشِر,wn_47b66c29
أ-ل-ل,a-l-l,1,2,إِلّ,wn_373b9a8a
أ-م-ل,a-m-l,1,2,أَمَل,wn_b971eb6f
ب-خ-س,b-kh-s,1,2,بَخْس,wn_7099993a
ب-خ-ع,b-kh-e,1,2,باخِع,wn_332c8977
ب-ذ-ر,b-dh-r,2,2,تَبْذِير مُبَذِّر,wn_0e5225a7 wn_7e4d4ba0
ب-ر-ص,b-r-s,1,2,أَبْرَص,wn_0163bdd2
ب-ر-م,b-r-m,2,2,مُبْرِم أَبْرَمُ,wn_cb272a0e wv_b4c2c35a
ب-ز-غ,b-z-gh,2,2,بازِغ بازِغَة,wn_76e4b527 wn_db8a3701
ب-س-ر,b-s-r,2,2,باسِرَة بَسَرَ,wn_fb5984a0 wv_0dedc4f4
ب-س-س,b-s-s,2,2,بَسّ بُسَّتِ,wn_618034b4 wv_3fc74709
ب-س-ل,b-s-l,1,2,أُبْسِلُ,wv_e81d2e4a
ب-ع-ث-ر,b-e-th-r,1,2,بُعْثِرَ,wv_2b13cd01
ب-ع-ر,b-e-r,1,2,بَعِير,wn_e6bd035f
ب-ن-ن,b-n-n,1,2,بَنان,wn_f5c0cfec
ب-ه-ج,b-h-j,1,2,بَهِيج,wn_bf657fc6
ت-و-ر,t-w-r,1,2,تارَة,wn_6ca9edc8
ث-خ-ن,th-kh-n,1,2,أَثْخَن,wv_b14f1f6d
ث-ع-ب,th-e-b,1,2,ثُعْبان,wn_d02ead72
ث-ق-ب,th-q-b,1,2,ثاقِب,wn_95ed9618
ج-ب-ب,j-b-b,1,2,جُبّ,wn_9accd275
ج-ر-د,j-r-d,1,2,جَراد,wn_b2fa378a
ج-ر-ز,j-r-z,1,2,جُرُز,wn_33e19e8d
ج-س-م,j-s-m,1,2,جِسْم,wn_af2f5947
ج-ن-ي,j-n-y,2,2,جَنِيّ جَنَى,wn_37d2b928 wn_82df1be4
ج-و-د,j-w-d,2,2,جُودِيّ جِياد,wn_43bf41ab wn_bf1407af
ح-ب-س,h-b-s,1,2,يَحْبِسُ,wv_e36a040c
ح-ج-ز,h-j-z,1,2,حاجِز,wn_8966d77d
ح-ط-ب,h-t-b,1,2,حَطَب,wn_fb476aaa
ح-ط-ط,h-t-t,1,2,حِطَّة,wn_913e4a73
ح-ظ-ر,h-z-r,2,2,مَحْظُور مُحْتَظِر,wn_6197c908 wn_a2b558d3
ح-ف-و,h-f-w,1,2,حَفِيّ,wn_ab346f12
ح-ق-ب,h-q-b,2,2,حُقُب أَحْقاب,wn_ef057582 wn_f4304d19
ح-ل-ق,h-l-q,2,2,حُلْقُوم مُحَلِّق,wn_5e0e1bde wn_852183bd
ح-ن-ج-ر,h-n-j-r,1,2,حَناجِر,wn_bc8aebb1
ح-و-ذ,h-w-dh,1,2,ٱسْتَحْوَذَ,wv_736400ee
ح-و-ش,h-w-sh,1,2,حاش,wn_6a11eb7f
ح-و-ي,h-w-y,2,2,حَوايا أَحْوَى,wn_ccf8127e wn_eb621566
خ-ب-ل,kh-b-l,1,2,خَبال,wn_454af817
خ-د-ع,kh-d-e,1,2,يُخادِعُ,wv_0a088eb3
خ-د-ن,kh-d-n,1,2,أَخْدان,wn_7a4388f1
خ-ذ-ل,kh-dh-l,2,2,مَخْذُول خَذُول,wn_254b867d wn_b57b831c
خ-ف-ت,kh-f-t,1,2,يَتَخافَتُ,wv_e707090e
خ-م-د,kh-m-d,1,2,خامِد,wn_ca8f4094
خ-م-ص,kh-m-s-2,1,2,مَخْمَصَة,wn_567c0aff
خ-و-ر,kh-w-r,1,2,خُوار,wn_ec82a7b3
د-خ-ن,d-kh-n,1,2,دُخان,wn_b82469e8
د-ه-ر,d-h-r-2,1,2,دَهْر,wn_d6f54b6d
د-و-م,d-w-m,1,2,دائِم,wn_d78cabc6
ذ-ب-ب,dh-b-b,1,2,ذُباب,wn_0ddf743c
ر-ج-ج,r-j-j,2,2,رَجّ رُجَّتِ,wn_dd486648 wv_e4d06f6c
ر-د-ي,r-d-y,2,2,تَرَدَّىٰٓ تَرْدَى,wv_49661101 wv_8346bbc4
ر-س-خ,r-s-kh,1,2,راسِخ,wn_403c6ebc
ر-س-س,r-s-s,1,2,رَسّ,wn_537a0e1b
ر-ط-ب,r-t-b,2,2,رَطْب رُطَب,wn_bd11bb80 wn_e693f483
ر-ع-د,r-e-d,1,2,رَعْد,wn_8f0b1f90
ر-ف-ت,r-f-t,1,2,رُفات,wn_d849ab32
ر-ف-ث,r-f-th,1,2,رَفَث,wn_520a8ac2
ر-ف-د,r-f-d,2,2,رِفْد مَرْفُود,wn_031e10e7 wn_f56f9a3b
ر-ق-ي,r-q-y,2,2,راق تَرْقَى,wn_58b053f7 wv_10112a3d
ر-ك-س,r-k-s,1,2,أَرْكَسَ,wv_062d8dde
ر-ك-ن,r-k-n,1,2,تَرْكَنُ,wv_b486861b
ر-م-م,r-m-m,1,2,رَمِيم,wn_e163241a
ر-و-ض,r-w-d-2,1,2,رَوْضَة,wn_2bc68424
ز-ج-ج,z-j-j,1,2,زُجاجَة,wn_0ff6b56e
ز-ل-ل,z-l-l,1,2,زَلَلْ,wv_d5238b44
ز-ل-م,z-l-m,1,2,أَزْلام,wn_bca93218
ز-م-ر,z-m-r,1,2,زُمَر,wn_e7460b86
ز-و-د,z-w-d,2,2,زاد تَزَوَّدُ,wn_ea49792e wv_331c6b72
ز-ي-ل,z-y-l,2,2,تَزَيَّلُ زَيَّلْ,wv_05fce31c wv_13618531
س-ب-غ,s-b-gh,2,2,سابِغَة أَسْبَغَ,wn_a7d6fd87 wv_49240d12
س-ح-ق,s-h-q,2,2,سُحْق سَحِيق,wn_49db3e97 wn_5f3d8f09
س-ر-م-د,s-r-m-d,1,2,سَرْمَد,wn_e6987a54
س-ع-د,s-e-d,2,2,سَعِيد سُعِدُ,wn_d517a360 wv_a3cac7a2
س-ف-ك,s-f-k,1,2,يَسْفِكُ,wv_55fe0225
س-ق-م,s-q-m,1,2,سَقِيم,wn_244f9139
س-ه-و,s-h-w,1,2,ساهي,wn_159a3c90
س-و-غ,s-w-gh,1,2,سائِغ,wn_123105a1
ش-خ-ص,sh-kh-s,2,2,شاخِصَة تَشْخَصُ,wn_3a47cabf wv_e32cad83
ش-ط-ط,sh-t-t-2,1,2,شَطَط,wn_27f706a6
ش-ع-ب,sh-e-b,2,2,شُعُوب شُعَب,wn_da469f3b wn_df2e7868
ش-ك-و,sh-k-w,2,2,أَشْكُوا۟ تَشْتَكِي,wv_0685b2cc wv_ee46a1ed
ش-ن-أ,sh-n-a,1,2,شَنَآن,wn_2bb30a82
ش-ه-ق,sh-h-q,1,2,شَهِيق,wn_ba700827
ش-ي-د,sh-y-d,2,2,مُشَيَّدَة مَشِيد,wn_3203d1fe wn_8a72ab54
ص-د-ي,s-d-y-2,2,2,تَصْدِيَة تَصَدَّى,wn_ab46a587 wv_e6208723
ص-ر-خ,s-r-kh,2,2,يَصْطَرِخُ يَسْتَصْرِخُ,wv_9767b159 wv_b830cd53
ص-غ-و,s-gh-w,1,2,صَغَتْ,wv_c1ff30d1
ص-ف-ح,s-f-h-3,1,2,صَفْح,wn_14e87305
ص-ف-د,s-f-d,1,2,أَصْفاد,wn_ff131b58
ص-ه-ر,s-h-r-2,2,2,صِهْر يُصْهَرُ,wn_7534a5dc wv_8b01806f
ض-م-م,d-m-m,1,2,اضْمُمْ,wv_875be607
ط-ر-و,t-r-w,1,2,طَرِيّ,wn_0395a97c
ظ-م-أ,z-m-a,2,2,ظَمْآن ظَمَأ,wn_2af52bb5 wn_c09ed4a5
ع-ب-ث,e-b-th,2,2,عَبَث تَعْبَثُ,wn_91f7b4f1 wv_16289eda
ع-ت-ق,e-t-q,1,2,عَتِيق,wn_8f8a3bcc
ع-ث-ر,e-th-r,2,2,عُثِرَ أَعْثَرْ,wv_24855217 wv_a9fa2736
ع-ج-ف,e-j-f,1,2,عِجاف,wn_9b4a8bd2
ع-ر-ر,e-r-r,2,2,مُعْتَرّ مَعَرَّة,wn_a180d005 wn_d2bd21a9
ع-ض-د,e-d-d-2,1,2,عَضُد,wn_59001ff3
ع-ض-ض,e-d-d-3,1,2,عَضُّ,wv_75fde8f6
ع-ط-ل,e-t-l-2,2,2,مُعَطَّلَة عُطِّلَتْ,wn_1f2f9d10 wv_83a96991
ع-ن-ك-ب,e-n-k-b,1,2,عَنكَبُوت,wn_f8409de7
غ-ث-و,gh-th-w,1,2,غُثاء,wn_06d9a3ef
غ-ر-و,gh-r-w,1,2,أَغْرَيْ,wv_f75dbedc
غ-س-ل,gh-s-l,2,2,اغْسِلُ تَغْتَسِلُ,wv_03ab3690 wv_5a25cbd0
غ-ط-و,gh-t-w,1,2,غِطاء,wn_c1cf8d22
غ-ل-ف,gh-l-f,1,2,غُلْف,wn_2ae73e2b
غ-و-ص,gh-w-s,2,2,غَوّاص يَغُوصُ,wn_a21ca85d wv_0cc21ad3
غ-ي-ض,gh-y-d,1,2,غِيضَ,wv_8b53bafb
ف-ق-د,f-q-d,1,2,تَفْقِدُ,wv_cb1e04b8
ف-ك-ك,f-k-k,2,2,مُنفَكّ فَكّ,wn_317b28d2 wn_a1136b41
ق-د-و,q-d-w,2,2,مُقْتَدي اقْتَدِهْ,wn_6922208b wv_acbdda20
ق-ر-ط-س,q-r-t-s,1,2,قِرْطاس,wn_86a7dcd4
ق-ط-ر,q-t-r-2,1,2,قِطْر,wn_ef4adaa1
ق-ي-ض,q-y-d,1,2,قَيَّضْ,wv_7cd6536c
ك-د-ح,k-d-h,2,2,كادِح كَدْح,wn_23d373a7 wn_5039e7c9
ك-س-ل,k-s-l,1,2,كُسالَى,wn_7da18d9c
ك-م-ه,k-m-h,1,2,أَكْمَه,wn_d70c16b3
ك-ه-ل,k-h-l,1,2,كَهْل,wn_87f0334e
ك-ه-ن,k-h-n,1,2,كاهِن,wn_107541ce
ل-ب-د,l-b-d,2,2,لُبَد لِبَد,wn_15d79912 wn_4ba2f1e3
ل-ب-ن,l-b-n,1,2,لَبَن,wn_594d065a
ل-د-د,l-d-d,2,2,لُدّ أَلَدّ,wn_ba9c1d02 wn_f598425f
ل-ز-م,l-z-m,1,2,لِزام,wn_637a06e1
ل-غ-ب,l-gh-b,1,2,لُغُوب,wn_1202a52f
ل-ق-ط,l-q-t,1,2,ٱلْتَقَطَ,wv_b5e138f6
ل-م-م,l-m-m,2,2,لَمَم لَمّ,wn_988f4579 wn_dd442779
ل-ه-ث,l-h-th,1,2,يَلْهَثْ,wv_907f1041
م-ح-ق,m-h-q,1,2,يَمْحَقُ,wv_dc6c4c13
م-خ-ر,m-kh-r,1,2,مَواخِر,wn_1e403233
م-ل-ح,m-l-h,1,2,مِلْح,wn_93db77fe
م-ل-ق,m-l-q,1,2,إِمْلاق,wn_6ee2986a
م-ه-ل,m-h-l-2,1,2,مَهِّلِ,wv_db18d1f3
ن-ب-ع,n-b-e,1,2,يَنبُوع,wn_d96338fb
ن-ز-ف,n-z-f,1,2,يُنزَفُ,wv_94dc77fa
ن-س-خ,n-s-kh,1,2,يَنسَخُ,wv_082c0e7d
ن-ص-ت,n-s-t,1,2,أَنصِتُ,wv_2e3a228a
ن-ع-س,n-e-s,1,2,نُعاس,wn_9714b31c
ن-ك-س,n-k-s,2,2,ناكِسُوا نُكِسُ,wn_c1410981 wv_efdae544
ن-ك-ص,n-k-s-2,1,2,نَكَصَ,wv_52e5fc1f
ه-ب-و,h-b-w,1,2,هَباء,wn_361a7ea2
ه-ر-ع,h-r-e,1,2,يُهْرَعُ,wv_bc09f987
ه-ش-م,h-sh-m,1,2,هَشِيم,wn_4d4af1bb
ه-ل-م,h-l-m-2,1,2,هَلُمّ,wn_9a810c36
ه-م-ز,h-m-z,2,2,هُمَزَة هَمّاز,wn_6bba73c1 wn_cb3f76c4
ه-م-ن,h-m-n,1,2,مُهَيْمِن,wn_aa8bb4e2
ه-و-ر,h-w-r-2,2,2,هار ٱنْهَارَ,wn_a9dcde57 wv_4e3184c2
ه-ي-أ,h-y-a,1,2,يُهَيِّئْ,wv_f4141ff2
ه-ي-ج,h-y-j,1,2,يَهِيجُ,wv_d26f131f
ه-ي-م,h-y-m,2,2,هِيم يَهِيمُ,wn_8f268db2 wv_508eb92b
و-ت-ر,w-t-r,2,2,وَتْر تَتْرا,wn_09cf4ef4 wn_2d2f4b0e
و-د-ق,w-d-q,1,2,وَدْق,wn_6cb71cfe
و-س-ط,w-s-t,2,2,وَسَط وُسْطَى,wn_33642d8a wn_5fc90b15
و-س-ق,w-s-q,2,2,وَسَقَ ٱتَّسَقَ,wv_33762bd7 wv_aa894b3e
و-س-ل,w-s-l,1,2,وَسِيلَة,wn_a4811db9
و-ص-ب,w-s-b,1,2,واصِب,wn_6ae7b241
و-ص-د,w-s-d,1,2,مُؤْصَدَة,wn_69547199
و-ط-أ,w-t-a,2,2,مَوْطِئ وَطْء,wn_8fa5c6f7 wn_994c3822
و-ط-ر,w-t-r-2,1,2,وَطَر,wn_0016be40
أ-ب-ب,a-b-b,1,1,أَبّ,wn_81fbdf38
أ-ب-ق,a-b-q,1,1,أَبَقَ,wv_49bd5d06
أ-ث-ل,a-th-l,1,1,أَثْل,wn_7dcae9ea
أ-د-د,a-d-d,1,1,إِدّ,wn_5235aa83
أ-ر-ب,a-r-b,1,1,مَآرِب,wn_247acf92
أ-ز-ر,a-z-r,1,1,ازَرَ,wv_d5ffa059
أ-ز-ز,a-z-z,1,1,أَزّ,wn_b576be62
أ-م-ت,a-m-t,1,1,أَمْت,wn_0de93847
أ-ي-م,a-y-m,1,1,أَيامَى,wn_6c9dfc50
ب-أ-ر,b-a-r,1,1,بِئْر,wn_f72348bd
ب-ت-ر,b-t-r,1,1,أَبْتَر,wn_3f876a27
ب-ت-ل,b-t-l,1,1,تَبْتِيل,wn_82abae88
ب-ج-س,b-j-s,1,1,انۢبَجَسَتْ,wv_67dd562d
ب-ح-ث,b-h-th,1,1,يَبْحَثُ,wv_f5710805
ب-د-ر,b-d-r,1,1,بِدار,wn_d8e72e88
ب-د-ن,b-d-n,1,1,بُدْن,wn_1bd11d9c
ب-س-ق,b-s-q,1,1,باسِقَة,wn_b5fc0d0a
ب-س-م,b-s-m,1,1,تَبَسَّمَ,wv_045379b0
ب-ط-ر,b-t-r-2,1,1,بَطَر,wn_1d5410e0
ب-غ-ل,b-gh-l,1,1,بِغال,wn_2844a34d
ب-ل-ع,b-l-e,1,1,ابْلَعِ,wv_0f7fe70b
ب-ه-ل,b-h-l,1,1,نَبْتَهِلْ,wv_114c4520
ت-ر-ق,t-r-q,1,1,تَراقِي,wn_0fbb8fb0
ت-ع-س,t-e-s,1,1,تَعْس,wn_6f7b4a7c
ت-ل-ل,t-l-l,1,1,تَلَّ,wv_ffae98b5
ت-ي-ه,t-y-h,1,1,يَتِيهُ,wv_b9ecb7da
ث-ب-ي,th-b-y,1,1,ثُبَة,wn_291f9e4f
ث-ج-ج,th-j-j,1,1,ثَجّاج,wn_4ca1c659
ث-ر-ي,th-r-y,1,1,ثَرَى,wn_385cbc94
ث-ي-ب,th-y-b,1,1,ثَيِّبَة,wn_0b1b10c8
ج-ث-ث,j-th-th,1,1,اجْتُثَّتْ,wv_07163679
ج-ث-و,j-th-w,1,1,جاثِيَة,wn_0ea831b4
ج-ذ-ذ,j-dh-dh,1,1,جُذاذ,wn_d154363b
ج-ذ-و,j-dh-w,1,1,جَذْوَة,wn_3bdb5f9d
ج-ر-ر,j-r-r,1,1,يَجُرُّ,wv_afb411e1
ج-ر-ع,j-r-e,1,1,يَتَجَرَّعُ,wv_ad3d3e90
ج-ر-ف,j-r-f,1,1,جُرُف,wn_67239feb
ج-ز-ع,j-z-e,1,1,جَزُوع,wn_d496256b
ج-ف-أ,j-f-a,1,1,جُفاء,wn_2fef0e79
ج-ف-ن,j-f-n,1,1,جِفان,wn_ead07b12
ج-ف-و,j-f-w,1,1,تَتَجافَى,wv_a27b0caa
ج-ل-ب,j-l-b,1,1,أَجْلِبْ,wv_db7e654b
ج-م-ح,j-m-h,1,1,يَجْمَحُ,wv_f78c0176
ج-م-د,j-m-d,1,1,جامِدَة,wn_0ceb10da
ج-م-م,j-m-m,1,1,جَمّ,wn_dab40fdc
ج-ن-ف,j-n-f,1,1,جَنَف,wn_c5f1f422
ج-و-س,j-w-s,1,1,جاسُ,wv_0e8e7a3d
ح-ب-ك,h-b-k,1,1,حُبُك,wn_07a301ac
ح-ت-م,h-t-m,1,1,حَتْم,wn_d53f894c
ح-ث-ث,h-th-th,1,1,حَثِيث,wn_b9d7919d
ح-د-ب,h-d-b,1,1,حَدَب,wn_72ce383d
ح-ر-س,h-r-s,1,1,حَرَس,wn_3ed5f764
ح-ر-ي,h-r-y,1,1,تَحَرَّ,wv_b083ce73
ح-س-م,h-s-m,1,1,حُسُوم,wn_450fb848
ح-ص-ح-ص,h-s-h-s,1,1,حَصْحَصَ,wv_169c9ab3
ح-ف-د,h-f-d,1,1,حَفَدَة,wn_967a9b29
ح-ف-ر,h-f-r,1,1,حُفْرَة,wn_6bf04fbe
ح-ف-ف,h-f-f,1,1,حافّ,wn_cd10d538
ح-م-أ,h-m-a,1,1,حَمِئَة,wn_6c6ea402
ح-ن-ذ,h-n-dh,1,1,حَنِيذ,wn_2956f3ca
ح-ن-ن,h-n-n,1,1,حَنان,wn_47b40f83
ح-و-ز,h-w-z,1,1,مُتَحَيِّز,wn_f29f4080
ح-ي-د,h-y-d,1,1,تَحِيدُ,wv_8f1f8543
ح-ي-ر,h-y-r,1,1,حَيْران,wn_ad01feed
خ-ب-أ,kh-b-a,1,1,خَبْء,wn_2d6e1e25
خ-ب-ز,kh-b-z,1,1,خُبْز,wn_85a879ef
خ-ب-ط,kh-b-t-2,1,1,يَتَخَبَّطُ,wv_2103be1a
خ-ب-و,kh-b-w,1,1,خَبَتْ,wv_0a3635b8
خ-ت-ر,kh-t-r,1,1,خَتّار,wn_e4f5802f
خ-د-د,kh-d-d,1,1,أُخْدُود,wn_a25977b9
خ-ر-ب,kh-r-b,1,1,يُخْرِبُ,wv_19fed72c
خ-ر-ط-م,kh-r-t-m,1,1,خُرْطُوم,wn_0f01327d
خ-ش-ب,kh-sh-b,1,1,خُشُب,wn_b867fee1
خ-ض-ع,kh-d-e-2,1,1,خاضِع,wn_7a5d6978
خ-ل-ع,kh-l-e,1,1,اخْلَعْ,wv_cd91253c
خ-م-ط,kh-m-t,1,1,خَمْط,wn_bd9750f1
خ-ن-س,kh-n-s,1,1,خَنّاس,wn_f8c3ce1d
خ-ي-م,kh-y-m,1,1,خِيام,wn_163f95f0
د-ث-ر,d-th-r,1,1,مُدَّثِّر,wn_9903e4bc
د-ح-ض,d-h-d,1,1,داحِضَة,wn_acdc1f36
د-ر-ه-م,d-r-h-m,1,1,دَراهِم,wn_b3cbf54c
د-س-ر,d-s-r,1,1,دُسُر,wn_d0652a65
د-س-س,d-s-s,1,1,يَدُسُّ,wv_7313fc9a
د-ف-أ,d-f-a,1,1,دِفْء,wn_d9d2aaa9
د-ف-ق,d-f-q,1,1,دافِق,wn_9cb757b5
د-ل-ل,d-l-l,1,1,دَلِيل,wn_36febdcc
د-م-د-م,d-m-d-m,1,1,دَمْدَمَ,wv_9de7113a
د-ه-ق,d-h-q,1,1,دِهاق,wn_a070ce19
د-ه-م,d-h-m,1,1,مُدْهامَّتان,wn_250040b0
د-ه-ي,d-h-y,1,1,أَدْهَى,wn_08cd3b48
د-و-ل,d-w-l,1,1,دُولَة,wn_64746f35
ذ-أ-م,dh-a-m,1,1,مَذْءُوم,wn_92a65cda
ذ-ب-ذ-ب,dh-b-dh-b,1,1,مُذَبْذَب,wn_0921b6ea
ذ-ر-و,dh-r-w,1,1,ذَرْو,wn_b3b9fcff
ذ-ع-ن,dh-e-n,1,1,مُذْعِن,wn_1c4418ae
ذ-ه-ل,dh-h-l,1,1,تَذْهَلُ,wv_26f3c686
ذ-ي-ع,dh-y-e,1,1,أَذاعُ,wv_04d5134f
ر-ت-ع,r-t-e,1,1,يَرْتَعْ,wv_d7887f50
ر-ت-ق,r-t-q,1,1,رَتْق,wn_b032b387
ر-خ-و,r-kh-w,1,1,رُخاء,wn_61cdec05
ر-د-أ,r-d-a,1,1,رِدْء,wn_d40d6267
ر-د-م,r-d-m,1,1,رَدْم,wn_906151e8
ر-ص-ص,r-s-s-2,1,1,مَرْصُوص,wn_06fe8eae
ر-ف-ر-ف,r-f-r-f,1,1,رَفْرَف,wn_bc7e1abe
ر-ق-د,r-q-d,1,1,رُقُود,wn_02839297
ر-ك-د,r-k-d,1,1,رَواكِد,wn_8e2099f7
ر-ك-ز,r-k-z,1,1,رِكْز,wn_8928b209
ر-م-ز,r-m-z,1,1,رَمْز,wn_1f8bc1a8
ر-م-ض,r-m-d,1,1,رَمَضان,wn_32a63e76
ر-ه-و,r-h-w,1,1,رَهْو,wn_6e39a66a
ر-و-ع,r-w-e,1,1,رَوْع,wn_e5ff91f5
ر-ي-ش,r-y-sh,1,1,رِيش,wn_df7637dc
ر-ي-ع,r-y-e,1,1,رِيع,wn_749eb370
ر-ي-ن,r-y-n,1,1,رَانَ,wv_4c514485
ز-ب-ن,z-b-n,1,1,زَبانِيَة,wn_c009e1af
ز-ح-ز-ح,z-h-z-h,1,1,زُحْزِحَ,wv_fb4e9515
ز-ح-ف,z-h-f,1,1,زَحْف,wn_a7706b6d
ز-ر-ب,z-r-b,1,1,زَرابِيّ,wn_46dd19e8
ز-ر-ق,z-r-q,1,1,زُرْق,wn_275fc567
ز-ر-ي,z-r-y,1,1,تَزْدَرِي,wv_d9b6b7c5
ز-ف-ف,z-f-f,1,1,يَزِفُّ,wv_30aebdad
ز-ل-ق,z-l-q,1,1,زَلَق,wn_edea07de
ز-م-ل,z-m-l,1,1,مُزَّمِّل,wn_48a1029d
ز-م-ه-ر,z-m-h-r,1,1,زَمْهَرِير,wn_56390240
ز-ن-م,z-n-m,1,1,زَنِيم,wn_484853c4
ز-ه-ر,z-h-r,1,1,زَهْرَة,wn_7f52e5c1
س-ج-ل,s-j-l,1,1,سِجِلّ,wn_cdd39bfb
س-د-ي,s-d-y,1,1,سُدًى,wn_bab0f6ed
س-ط-ح,s-t-h,1,1,سُطِحَتْ,wv_b1aabbfb
س-ط-و,s-t-w,1,1,يَسْطُ,wv_03f6c57c
س-ف-ح,s-f-h,1,1,مَسْفُوح,wn_b767ffa0
س-ك-ب,s-k-b,1,1,مَسْكُوب,wn_18612c24
س-ك-ت,s-k-t,1,1,سَكَتَ,wv_2771100b
س-م-د,s-m-d,1,1,سامِد,wn_50df6f30
س-ن-د,s-n-d,1,1,مُسَنَّدَة,wn_05fe5e61
س-و-ط,s-w-t,1,1,سَوْط,wn_4d4c64a7
ش-ت-و,sh-t-w,1,1,شِتاء,wn_3963e9a0
ش-ر-د,sh-r-d,1,1,شَرِّدْ,wv_17c2f186
ش-غ-ل,sh-gh-l,1,1,شُغُل,wn_f4e05a7e
ش-ف-ه,sh-f-h,1,1,شَفَتَيْن,wn_e3659dc2
ش-ك-س,sh-k-s,1,1,مُتَشاكِس,wn_175ac550
ش-م-خ,sh-m-kh,1,1,شامِخَة,wn_3def7e31
ش-م-ز,sh-m-z,1,1,اشْمَأَزَّتْ,wv_581fa64c
ش-و-ظ,sh-w-z,1,1,شُواظ,wn_343a3002
ش-و-ي,sh-w-y,1,1,يَشْوِي,wv_ac214855
ص-خ-ر,s-kh-r-2,1,1,صَخْر,wn_2d1b1381
ص-ر-ع,s-r-e-2,1,1,صَرْعَى,wn_39f78ced
ص-ف-ص-ف,s-f-s-f,1,1,صَفْصَف,wn_346eae09
ص-ل-د,s-l-d,1,1,صَلْد,wn_97cad827
ص-م-ت,s-m-t,1,1,صامِت,wn_e29dad08
ص-م-د,s-m-d-2,1,1,صَمَد,wn_81b7f760
ص-م-ع,s-m-e-2,1,1,صَوامِع,wn_7237e4f1
ص-و-ع,s-w-e-2,1,1,صُواع,wn_7d4f8faf
ص-ي-ف,s-y-f,1,1,صَيْف,wn_211277b4
ض-ب-ح,d-b-h,1,1,ضَبْح,wn_14936a74
ض-د-د,d-d-d,1,1,ضِدّ,wn_91e47710
ض-ف-د-ع,d-f-d-e,1,1,ضَفادِع,wn_b592d015
ض-م-ر,d-m-r-2,1,1,ضامِر,wn_d5616b55
ض-ن-ك,d-n-k,1,1,ضَنك,wn_7fe266bc
ض-ه-أ,d-h-a,1,1,يُضاهِئُ,wv_c51848e6
ض-ي-ز,d-y-z,1,1,ضِيزَى,wn_8b3904ef
ط-ع-ن,t-e-n,1,1,طَعْن,wn_f4db05b0
ط-ل-ح,t-l-h,1,1,طَلْح,wn_d8acdcdf
ط-ل-ل,t-l-l-2,1,1,طَلّ,wn_4256b06d
ط-م-م,t-m-m-2,1,1,طامَّة,wn_f9cccaca
ع-ب-ق-ر,e-b-q-r,1,1,عَبْقَرِيّ,wn_4fcee0a9
ع-ت-ل,e-t-l,1,1,عُتُلّ,wn_ac095fa7
ع-ر-م,e-r-m,1,1,عَرِم,wn_6d9b74a9
ع-ز-و,e-z-w,1,1,عِزِين,wn_9243a13f
ع-س-ع-س,e-s-e-s,1,1,عَسْعَسَ,wv_ceae51d8
ع-ض-و,e-d-w-2,1,1,عِضِين,wn_5da4babf
ع-ف-ر,e-f-r,1,1,عِفْرِيت,wn_3f943612
ع-ف-ف,e-f-f,1,1,تَعَفُّف,wn_39a0ba52
ع-م-ق,e-m-q,1,1,عَمِيق,wn_ebafa255
ع-ن-و,e-n-w,1,1,عَنَتِ,wv_3f065974
ع-و-ق,e-w-q,1,1,مُعَوِّق,wn_d13e9cde
ع-ي-ل,e-y-l,1,1,عَيْلَة,wn_ff3bbdcc
غ-د-ق,gh-d-q,1,1,غَدَق,wn_3494ab4d
غ-ص-ب,gh-s-b,1,1,غَصْب,wn_6eaeedcf
غ-ط-ش,gh-t-sh,1,1,أَغْطَشَ,wv_ace2d00f
غ-ل-ق,gh-l-q,1,1,غَلَّقَتِ,wv_66924087
غ-ل-ي,gh-l-y,1,1,يَغْلِي,wv_a215c7b4
غ-و-ل,gh-w-l,1,1,غَوْل,wn_89b821c3
ف-ت-أ,f-t-a,1,1,تَفْتَؤُا۟,wv_3236c9d2
ف-ج-و,f-j-w,1,1,فَجْوَة,wn_6c560733
ف-ر-ث,f-r-th,1,1,فَرْث,wn_e9210f58
ف-ر-ه,f-r-h-2,1,1,فارِه,wn_415c2028
ف-س-ر,f-s-r,1,1,تَفْسِير,wn_d61cc248
ف-ص-ح,f-s-h-2,1,1,أَفْصَح,wn_43c3d34c
ف-ظ-ظ,f-z-z-2,1,1,فَظّ,wn_1fc841c3
ف-ق-ع,f-q-e,1,1,فاقِع,wn_71d20f27
ف-ن-ن,f-n-n,1,1,أَفْنان,wn_1fe863f2
ف-ن-ي,f-n-y,1,1,فان,wn_69c7ded4
ف-و-ت,f-w-t,1,1,تَفاوُت,wn_4313f0b8
ف-و-ض,f-w-d,1,1,أُفَوِّضُ,wv_ac0dcfde
ق-ح-م,q-h-m,1,1,مُقْتَحِم,wn_fc1ae25d
ق-د-ح,q-d-h,1,1,قَدْح,wn_b433afc5
ق-ر-ش,q-r-sh,1,1,قُرَيْش,wn_6b6121ea
ق-س-س,q-s-s,1,1,قِسِّيس,wn_04cc957d
ق-ش-ع-ر,q-sh-e-r,1,1,تَقْشَعِرُّ,wv_c2af2ea5
ق-ص-ف,q-s-f,1,1,قاصِف,wn_7896800e
ق-ص-م,q-s-m-2,1,1,قَصَمْ,wv_2db0c2f1
ق-ض-ب,q-d-b,1,1,قَضْب,wn_c4851d14
ق-ع-ر,q-e-r,1,1,مُنقَعِر,wn_23e2416a
ق-ل-ع,q-l-e,1,1,أَقْلِعِ,wv_3f2108e5
ق-م-ح,q-m-h,1,1,مُقْمَح,wn_6f1135d0
ق-م-ط-ر,q-m-t-r,1,1,قَمْطَرِير,wn_60128b37
ق-م-ع,q-m-e,1,1,مَقامِع,wn_2d578f35
ق-م-ل,q-m-l,1,1,قُمَّل,wn_80d28f78
ق-ن-و,q-n-w,1,1,قِنْوان,wn_e5d9f7e6
ق-و-ب,q-w-b,1,1,قاب,wn_9df175ab
ق-و-ت,q-w-t,1,1,مُقِيت,wn_25621473
ق-و-س,q-w-s,1,1,قَوْسَيْن,wn_f7e9caf0
ق-و-ع,q-w-e,1,1,قاع,wn_e8068e95
ك-ب-ب,k-b-b,1,1,كُبَّتْ,wv_1bcacf5d
ك-ب-د,k-b-d,1,1,كَبَد,wn_452c6f44
ك-ب-ك-ب,k-b-k-b,1,1,كُبْكِبُ,wv_e3da0183
ك-ث-ب,k-th-b,1,1,كَثِيب,wn_f82eecb1
ك-د-ر,k-d-r,1,1,انكَدَرَتْ,wv_4ad5de01
ك-د-ي,k-d-y,1,1,أَكْدَىٰٓ,wv_ca201959
ك-ف-أ,k-f-a,1,1,كُفُو,wn_a7143283
ك-ف-ت,k-f-t,1,1,كِفات,wn_47b3457c
ك-ل-و,k-l-w,1,1,كِلْتا,wn_f953573f
ك-ن-س,k-n-s,1,1,كُنَّس,wn_6b81ab45
ك-و-ي,k-w-y,1,1,تُكْوَى,wv_2d9f4328
ل-ح-ف,l-h-f,1,1,إِلْحاف,wn_aeda23a5
ل-ز-ب,l-z-b,1,1,لازِب,wn_79319c77
ل-ظ-ي,l-z-y,1,1,تَلَظَّى,wv_50d08b8a
ل-ف-ح,l-f-h,1,1,تَلْفَحُ,wv_8c09a78c
ل-ق-ح,l-q-h,1,1,لَواقِح,wn_5903ff36
ل-ق-م,l-q-m,1,1,ٱلْتَقَمَ,wv_063e1a00
ل-و-ذ,l-w-dh,1,1,لِواذ,wn_aa9179db
م-ج-س,m-j-s,1,1,مَجُوس,wn_bffa03cb
م-ح-ل,m-h-l,1,1,مِحال,wn_1a97309b
م-خ-ض,m-kh-d,1,1,مَخاض,wn_a2f585cb
م-ر-و,m-r-w,1,1,مَرْوَة,wn_b4d359d9
م-س-و,m-s-w,1,1,تُمْسُ,wv_ec98e4d1
م-ش-ج,m-sh-j,1,1,أَمْشاج,wn_579369f5
م-ط-و,m-t-w,1,1,يَتَمَطَّى,wv_356438de
م-ك-و,m-k-w,1,1,مُكاء,wn_d9a1c61a
م-ي-ر,m-y-r,1,1,نَمِيرُ,wv_4083a941
ن-ت-ق,n-t-q,1,1,نَتَقْ,wv_82511402
ن-ج-س,n-j-s,1,1,نَجَس,wn_c769cb7c
ن-ح-ر,n-h-r,1,1,انْحَرْ,wv_b963763c
ن-ح-ل,n-h-l,1,1,نِحْلَة,wn_1fa646fa
ن-خ-ر,n-kh-r,1,1,نَخِرَة,wn_32e5216f
ن-س-أ,n-s-a,1,1,نَسِيء,wn_8399dca7
ن-س-ر,n-s-r,1,1,نَسْر,wn_1dcf0e01
ن-ش-ط,n-sh-t,1,1,نَشْط,wn_9408fd76
ن-ض-ج,n-d-j,1,1,نَضِجَتْ,wv_533a82c2
ن-ض-خ,n-d-kh,1,1,نَضّاخَتان,wn_d733552b
ن-ع-ق,n-e-q,1,1,يَنْعِقُ,wv_e6344533
ن-ف-ح,n-f-h,1,1,نَفْحَة,wn_4f7ffd19
ن-ف-ش,n-f-sh,1,1,مَنفُوش,wn_9c0e2b6d
ن-ف-ي,n-f-y,1,1,يُنفَ,wv_9c245e01
ن-ق-ع,n-q-e,1,1,نَقْع,wn_c2a3e953
ن-ك-د,n-k-d,1,1,نَكِد,wn_4a3b1f30
ن-م-ر-ق,n-m-r-q,1,1,نَمارِق,wn_06ce4a96
ن-ه-ج,n-h-j,1,1,مِنْهاج,wn_8aa82d5c
ن-و-ش,n-w-sh,1,1,تَناوُش,wn_1eef8217
ن-و-ي,n-w-y,1,1,نَوَى,wn_0f89fdcf
ن-ي-ل,n-y-l,1,1,نَيْل,wn_a45a8657
ه-ا-ء,h-a-a,1,1,هاؤُم,wn_6f8b3acf
ه-ج-د,h-j-d,1,1,تَهَجَّدْ,wv_390be1f3
ه-د-د,h-d-d-2,1,1,هَدّ,wn_7cb8930f
ه-د-ه-د,h-d-h-d,1,1,هُدْهُد,wn_0d6c1d37
ه-ر-ب,h-r-b-2,1,1,هَرَب,wn_0f60281f
ه-ز-م,h-z-m,1,1,مَهْزُوم,wn_367d726c
ه-ض-م,h-d-m,1,1,هَضِيم,wn_692a22b1
ه-ل-ع,h-l-e,1,1,هَلُوع,wn_22399054
ه-م-د,h-m-d-2,1,1,هامِدَة,wn_4889bcdd
ه-م-ر,h-m-r-2,1,1,مُنْهَمِر,wn_2031d925
ه-م-س,h-m-s,1,1,هَمْس,wn_f940f616
ه-ي-ت,h-y-t,1,1,هَيْتَ,wn_3dbfd3cc
ه-ي-ل,h-y-l,1,1,مَهِيل,wn_9a928094
و-أ-د,w-a-d,1,1,مَوْءُدَة,wn_458e39d9
و-أ-ل,w-a-l,1,1,مَوْئِل,wn_a854d800
و-ب-ق,w-b-q,1,1,مَوْبِق,wn_86fa097c
و-ج-ب,w-j-b,1,1,وَجَبَتْ,wv_305d0e49
و-ج-ف,w-j-f,1,1,واجِفَة,wn_d1a1a9f4
و-ح-ش,w-h-sh,1,1,وُحُوش,wn_beebe850
و-ر-ق,w-r-q,1,1,وَرَقَة,wn_b92e389c
و-س-ن,w-s-n,1,1,سِنَة,wn_a42e0760
و-ش-ي,w-sh-y,1,1,شِيَة,wn_9e8e207b
و-ض-ن,w-d-n,1,1,مَوْضُونَة,wn_cddeea15
و-ف-د,w-f-d,1,1,وَفْد,wn_8c68bcbf
و-ف-ر,w-f-r,1,1,مَوْفُور,wn_7275d6cb
و-ف-ض,w-f-d-2,1,1,يُوفِضُ,wv_6bcb81a3
و-ق-ب,w-q-b,1,1,وَقَبَ,wv_2d8a37b0
و-ك-ز,w-k-z,1,1,وَكَزَ,wv_8c767ffd
و-ه-ج,w-h-j,1,1,وَهّاج,wn_78046ba8
و-ه-ي,w-h-y-2,1,1,واهِيَة,wn_86e8be44
ي-ق-ظ,y-q-z,1,1,أَيْقاظ,wn_023ac163
