key	lemma	frequency	reason
N|إِذْن	إِذْن	39	no source-verified meaning in: tr,fa,fr
N|لَدُن	لَدُن	18	no source-verified meaning in: tr,fa,fr
V|يَقْرَبُ	يَقْرَبُ	11	no source-verified meaning in: fa,fr
N|عَشِيّ	عَشِيّ	10	no source-verified meaning in: fr
N|صُور	صُور	10	no source-verified meaning in: tr,fa,fr
N|عِبادَت	عِبادَت	9	no source-verified meaning in: tr,fa,fr
N|طاغُوت	طاغُوت	8	no source-verified meaning in: fr
V|دامُ	دامُ	7	no source-verified meaning in: tr,fa,fr
N|أَصِيل	أَصِيل	7	no source-verified meaning in: fr
V|يَصْفَحُ	يَصْفَحُ	6	no source-verified meaning in: fr
V|يَخْفَى	يَخْفَى	6	no source-verified meaning in: fa,fr
N|فاطِر	فاطِر	6	no source-verified meaning in: fr
V|يَسْتَأْخِرُ	يَسْتَأْخِرُ	6	no source-verified meaning in: fa,fr
N|خُطُوَة	خُطُوَة	5	no source-verified meaning in: fr
V|يَبْخَسْ	يَبْخَسْ	5	no source-verified meaning in: fa,fr
N|ظَلّام	ظَلّام	5	no source-verified meaning in: en,bn,ur,hi,in,tr,fa,fr
N|جَرَم	جَرَم	5	no source-verified meaning in: fa,fr
N|مُمْتَري	مُمْتَري	4	no source-verified meaning in: tr,fa,fr
V|أُهِلَّ	أُهِلَّ	4	no source-verified meaning in: fr
N|جَهالَة	جَهالَة	4	no source-verified meaning in: en,bn,ur,hi,in,tr,fa,fr
V|يَتَدَبَّرُ	يَتَدَبَّرُ	4	no source-verified meaning in: tr,fa,fr
N|عَشَر	عَشَر	4	no source-verified meaning in: fa,fr
N|مُخَلَّف	مُخَلَّف	4	no source-verified meaning in: fr
N|أَمْس	أَمْس	4	no source-verified meaning in: en,bn,ur,hi,in,tr,fa,fr
N|أَخْسَر	أَخْسَر	4	no source-verified meaning in: ur,hi,in,tr,fa,fr
N|صَلْصال	صَلْصال	4	no source-verified meaning in: tr,fa,fr
N|مُعَذَّب	مُعَذَّب	4	no source-verified meaning in: hi,in,tr,fa,fr
N|مَمْنُون	مَمْنُون	4	no source-verified meaning in: fa,fr
N|بارِئ	بارِئ	3	no source-verified meaning in: fr
N|عَشْرَة	عَشْرَة	3	no source-verified meaning in: fa,fr
N|تابِع	تابِع	3	no source-verified meaning in: ur,hi,in,tr,fa,fr
N|خارِج	خارِج	3	no source-verified meaning in: en,bn,ur,hi,in,tr,fa,fr
N|باغ	باغ	3	no source-verified meaning in: tr,fa,fr
V|يُضارَّ	يُضارَّ	3	no source-verified meaning in: fa,fr
N|فِصال	فِصال	3	no source-verified meaning in: ur,hi,in,tr,fa,fr
V|فَسَدَتِ	فَسَدَتِ	3	no source-verified meaning in: en,bn,ur,hi,in,tr,fa,fr
N|قَيُّوم	قَيُّوم	3	no source-verified meaning in: fr
V|يُمِلَّ	يُمِلَّ	3	no source-verified meaning in: tr,fa,fr
V|يَسْأَمُ	يَسْأَمُ	3	no source-verified meaning in: fa,fr
V|حاسَبْ	حاسَبْ	3	no source-verified meaning in: en
N|سَحَر	سَحَر	3	no source-verified meaning in: en,bn,ur,hi,in,tr,fa,fr
V|أَثابَ	أَثابَ	3	no source-verified meaning in: en,bn,ur,hi,in,tr,fa,fr
V|فاتَ	فاتَ	3	no source-verified meaning in: fr
N|مَضاجِع	مَضاجِع	3	no source-verified meaning in: tr,fa,fr
V|يَسْتَعْفِفْ	يَسْتَعْفِفْ	3	no source-verified meaning in: fa,fr
V|يَجْرِمَ	يَجْرِمَ	3	no source-verified meaning in: tr,fa,fr
V|عَزَّرُ	عَزَّرُ	3	no source-verified meaning in: en,bn,ur,hi,in,tr,fa,fr
V|طَرَد	طَرَد	3	no source-verified meaning in: ur,hi,in,tr,fa,fr
N|مَعْشَر	مَعْشَر	3	no source-verified meaning in: en,bn,ur,hi,in,tr,fa,fr
V|أَرْدَى	أَرْدَى	3	no source-verified meaning in: ur,hi,in,tr,fa,fr
N|مَدائِن	مَدائِن	3	no source-verified meaning in: tr,fa,fr
V|يَرْقُبُ	يَرْقُبُ	3	no source-verified meaning in: fa,fr
V|يَطَأُ	يَطَأُ	3	no source-verified meaning in: fa,fr
V|أَلْزَمَ	أَلْزَمَ	3	no source-verified meaning in: ur,hi,in,tr,fa,fr
N|سِجِّيل	سِجِّيل	3	no source-verified meaning in: tr,fa,fr
V|يُسْجَنَ	يُسْجَنَ	3	no source-verified meaning in: tr,fa,fr
N|حَمَإ	حَمَإ	3	no source-verified meaning in: tr,fa,fr
N|مُبْصِرَة	مُبْصِرَة	3	no source-verified meaning in: fr
N|أَذْقان	أَذْقان	3	no source-verified meaning in: tr,fa,fr
N|مُهْل	مُهْل	3	no source-verified meaning in: en,bn,ur,hi,in,tr,fa,fr
V|يُبْدِلَ	يُبْدِلَ	3	no source-verified meaning in: tr,fa,fr
N|جِذْع	جِذْع	3	no source-verified meaning in: tr,fa,fr
N|آكِل	آكِل	3	no source-verified meaning in: en,bn,ur,hi,in,tr,fa,fr
N|أَجْداث	أَجْداث	3	no source-verified meaning in: tr,fa,fr
V|يَحْتَسِبُ	يَحْتَسِبُ	3	no source-verified meaning in: tr,fa,fr
N|أُفُق	أُفُق	3	no source-verified meaning in: tr,fa,fr
N|مَشْأَمَة	مَشْأَمَة	3	no source-verified meaning in: fa,fr
V|يَخْدَعُ	يَخْدَعُ	2	no source-verified meaning in: tr,fa,fr
V|تَظاهَرُ	تَظاهَرُ	2	no source-verified meaning in: ur,hi,in,tr,fa,fr
N|ضارّ	ضارّ	2	no source-verified meaning in: en,bn,ur,hi,in,tr,fa,fr
N|مَثُوبَة	مَثُوبَة	2	no source-verified meaning in: ur,hi,in,tr,fa,fr
N|بَدِيع	بَدِيع	2	no source-verified meaning in: ur,hi,in,tr,fa,fr
V|يَطَّوَّفَ	يَطَّوَّفَ	2	no source-verified meaning in: tr,fa,fr
V|يَصُمْ	يَصُمْ	2	no source-verified meaning in: fa,fr
N|أَمَة	أَمَة	2	no source-verified meaning in: en,bn,ur,hi,in,tr,fa,fr
V|تَبَرُّ	تَبَرُّ	2	no source-verified meaning in: tr,fa,fr
N|رَدّ	رَدّ	2	no source-verified meaning in: ur,hi,in,tr,fa,fr
V|تَعْضُلُ	تَعْضُلُ	2	no source-verified meaning in: ur,hi,in,tr,fa,fr
N|تَراض	تَراض	2	no source-verified meaning in: tr,fa,fr
N|مُوسِع	مُوسِع	2	no source-verified meaning in: tr,fa,fr
N|مُبْتَلِي	مُبْتَلِي	2	no source-verified meaning in: fr
N|طاقَة	طاقَة	2	no source-verified meaning in: tr,fa,fr
V|هَزَمُ	هَزَمُ	2	no source-verified meaning in: en,bn,ur,hi,in,tr,fa,fr
N|عُرْوَة	عُرْوَة	2	no source-verified meaning in: en,bn,ur,hi,in,tr,fa,fr
N|رَبْوَة	رَبْوَة	2	no source-verified meaning in: tr,fa,fr
N|نَذْر	نَذْر	2	no source-verified meaning in: tr,fa,fr
V|يُحَذِّرُ	يُحَذِّرُ	2	no source-verified meaning in: en,bn,ur,hi,in,tr,fa,fr
N|هَيْئَة	هَيْئَة	2	no source-verified meaning in: en,bn,ur,hi,in,tr,fa,fr
N|شَفا	شَفا	2	no source-verified meaning in: tr,fa,fr
V|يُمَحِّصَ	يُمَحِّصَ	2	no source-verified meaning in: en,bn,ur,hi,in,tr,fa,fr
V|اسْتَكانُ	اسْتَكانُ	2	no source-verified meaning in: fa,fr
V|يُبْلِيَ	يُبْلِيَ	2	no source-verified meaning in: en,bn,ur,hi,in,tr,fa,fr
N|مَفازَة	مَفازَة	2	no source-verified meaning in: en,bn,ur,hi,in,tr,fa,fr
N|مُسافِح	مُسافِح	2	no source-verified meaning in: tr,fa,fr
N|بُخْل	بُخْل	2	no source-verified meaning in: en,bn,ur,hi,in,tr,fa,fr
N|غائِط	غائِط	2	no source-verified meaning in: tr,fa,fr
N|نَقِير	نَقِير	2	no source-verified meaning in: hi,in,tr,fa,fr
V|حَصِرَتْ	حَصِرَتْ	2	no source-verified meaning in: fa,fr
N|ظالِمِي	ظالِمِي	2	no source-verified meaning in: fa,fr
V|يُمَنِّي	يُمَنِّي	2	no source-verified meaning in: en,bn,ur,hi,in,tr,fa,fr
V|تَغْلُو	تَغْلُو	2	no source-verified meaning in: tr,fa,fr
V|أَغْرَيْ	أَغْرَيْ	2	no source-verified meaning in: ur,hi,in,tr,fa,fr
N|دَمْع	دَمْع	2	no source-verified meaning in: tr,fa,fr
N|غَداة	غَداة	2	no source-verified meaning in: en,bn,ur,hi,in,tr,fa,fr
N|مُسْتَوْدَع	مُسْتَوْدَع	2	no source-verified meaning in: hi,in,tr,fa,fr
N|زَعْم	زَعْم	2	no source-verified meaning in: en,bn,ur,hi,in,tr,fa,fr
N|مَعْرُوشَة	مَعْرُوشَة	2	no source-verified meaning in: fr
N|وَرَق	وَرَق	2	no source-verified meaning in: tr,fa,fr
V|نَسْتَدْرِجُ	نَسْتَدْرِجُ	2	no source-verified meaning in: en,bn,ur,hi,in,tr,fa,fr
V|جَلَّى	جَلَّى	2	no source-verified meaning in: tr,fa,fr
V|غَنِمْ	غَنِمْ	2	no source-verified meaning in: tr,fa,fr
N|عُدْوَة	عُدْوَة	2	no source-verified meaning in: en,bn,ur,hi,in,tr,fa,fr
N|سَلْم	سَلْم	2	no source-verified meaning in: tr,fa,fr
V|أَثْخَن	أَثْخَن	2	no source-verified meaning in: hi,in,tr,fa,fr
V|اسْتَنصَرَ	اسْتَنصَرَ	2	no source-verified meaning in: fr
V|رَحُبَتْ	رَحُبَتْ	2	no source-verified meaning in: fa,fr
N|مُحِيطَة	مُحِيطَة	2	no source-verified meaning in: en,bn,ur,hi,in,tr,fa,fr
N|أَوّاه	أَوّاه	2	no source-verified meaning in: hi,in,tr,fa,fr
V|يَتَعارَفُ	يَتَعارَفُ	2	no source-verified meaning in: hi,in,tr,fa,fr
V|يَعْزُبُ	يَعْزُبُ	2	no source-verified meaning in: fa,fr
N|طارِد	طارِد	2	no source-verified meaning in: en,bn,ur,hi,in,tr,fa,fr
V|تَبْتَئِسْ	تَبْتَئِسْ	2	no source-verified meaning in: tr,fa,fr
N|مَرْدُود	مَرْدُود	2	no source-verified meaning in: tr,fa,fr
N|رُكْن	رُكْن	2	no source-verified meaning in: tr,fa,fr
N|قِطْع	قِطْع	2	no source-verified meaning in: en,bn,ur,hi,in,tr,fa,fr
V|يَلْتَفِتْ	يَلْتَفِتْ	2	no source-verified meaning in: fa,fr
N|مَجْمُوع	مَجْمُوع	2	no source-verified meaning in: ur,hi,in,tr,fa,fr
N|فَعّال	فَعّال	2	no source-verified meaning in: ur,hi,in,tr,fa,fr
N|غَيابَت	غَيابَت	2	no source-verified meaning in: tr,fa,fr
N|جُبّ	جُبّ	2	no source-verified meaning in: ur,hi,in,tr,fa,fr
N|عِشاء	عِشاء	2	no source-verified meaning in: fr
V|جَهَّزَ	جَهَّزَ	2	no source-verified meaning in: ur,hi,in,tr,fa,fr
N|جَهاز	جَهاز	2	no source-verified meaning in: en,bn,ur,hi,in,tr,fa,fr
N|حُزْن	حُزْن	2	no source-verified meaning in: tr,fa,fr
N|مُصْرِخ	مُصْرِخ	2	no source-verified meaning in: en,bn,ur,hi,in,tr,fa,fr
N|ظَلُوم	ظَلُوم	2	no source-verified meaning in: tr,fa,fr
N|مُنَجُّو	مُنَجُّو	2	no source-verified meaning in: ur,hi,in,tr,fa,fr
N|مُشْرِق	مُشْرِق	2	no source-verified meaning in: fr
N|لَمْح	لَمْح	2	no source-verified meaning in: en,bn,ur,hi,in,tr,fa,fr
N|ضَيْق	ضَيْق	2	no source-verified meaning in: tr,fa,fr
V|تَنْهَرْ	تَنْهَرْ	2	no source-verified meaning in: fa,fr
V|رَبَّيَ	رَبَّيَ	2	no source-verified meaning in: tr,fa,fr
N|قِسْطاس	قِسْطاس	2	no source-verified meaning in: en,bn,ur,hi,in,tr,fa,fr
V|أَصْفَى	أَصْفَى	2	no source-verified meaning in: en,bn,ur,hi,in,tr,fa,fr
V|يُحاوِرُ	يُحاوِرُ	2	no source-verified meaning in: hi,in,tr,fa,fr
V|يُغادِرُ	يُغادِرُ	2	no source-verified meaning in: fa,fr
V|يُدْحِضُ	يُدْحِضُ	2	no source-verified meaning in: en,bn,ur,hi,in,tr,fa,fr
N|صَخْرَة	صَخْرَة	2	no source-verified meaning in: tr,fa,fr
V|تُصاحِبْ	تُصاحِبْ	2	no source-verified meaning in: fa,fr
N|عِصِيّ	عِصِيّ	2	no source-verified meaning in: en,bn,ur,hi,in,tr,fa,fr
N|قَبْضَة	قَبْضَة	2	no source-verified meaning in: fa
N|فَلَك	فَلَك	2	no source-verified meaning in: tr,fa,fr
N|خَرْدَل	خَرْدَل	2	no source-verified meaning in: tr,fa,fr
V|يَنسِلُ	يَنسِلُ	2	no source-verified meaning in: ur,hi,in,tr,fa,fr
N|سُلالَة	سُلالَة	2	no source-verified meaning in: tr,fa,fr
N|غُثاء	غُثاء	2	no source-verified meaning in: fr
V|رَتَّلْ	رَتَّلْ	2	no source-verified meaning in: fr
N|تَرْتِيل	تَرْتِيل	2	no source-verified meaning in: fr
V|يَزْنُ	يَزْنُ	2	no source-verified meaning in: fa,fr
N|مُسَحَّر	مُسَحَّر	2	no source-verified meaning in: tr,fa,fr
N|خَبَر	خَبَر	2	no source-verified meaning in: en,bn,ur,hi,in,tr,fa,fr
V|يُعَقِّبْ	يُعَقِّبْ	2	no source-verified meaning in: fa,fr
V|اسْتَيْقَنَتْ	اسْتَيْقَنَتْ	2	no source-verified meaning in: hi,in,tr,fa,fr
N|سَبَإ	سَبَإ	2	no source-verified meaning in: tr,fa,fr
N|هَدِيَّة	هَدِيَّة	2	no source-verified meaning in: en,bn,ur,hi,in,tr,fa,fr
V|اسْتَأْجَرْ	اسْتَأْجَرْ	2	no source-verified meaning in: ur,hi,in,tr,fa,fr
N|وَيْ	وَيْ	2	no source-verified meaning in: fr
V|يُحْبَرُ	يُحْبَرُ	2	no source-verified meaning in: fr
N|مُحْى	مُحْى	2	no source-verified meaning in: en,bn,ur,hi,in,tr,fa,fr
N|أَقْطار	أَقْطار	2	no source-verified meaning in: tr,fa,fr
V|مُزِّقْ	مُزِّقْ	2	no source-verified meaning in: ur,hi,in,tr,fa,fr
N|رَمِيم	رَمِيم	2	no source-verified meaning in: ur,hi,in,tr,fa,fr
N|ذائِقُوا	ذائِقُوا	2	no source-verified meaning in: en,bn,ur,hi,in,tr,fa,fr
N|مَدِين	مَدِين	2	no source-verified meaning in: ur,hi,in,tr,fa,fr
N|مُسَبِّح	مُسَبِّح	2	no source-verified meaning in: fr
N|عَراء	عَراء	2	no source-verified meaning in: en,bn,ur,hi,in,tr,fa,fr
N|أَيْيد	أَيْيد	2	no source-verified meaning in: fa,fr
N|مَرْحَب	مَرْحَب	2	no source-verified meaning in: fa,fr
N|أَكْمام	أَكْمام	2	no source-verified meaning in: tr,fa,fr
N|أَعْلام	أَعْلام	2	no source-verified meaning in: en,bn,ur,hi,in,tr,fa,fr
V|عَيِي	عَيِي	2	no source-verified meaning in: fa,fr
V|امْتَحَنَ	امْتَحَنَ	2	no source-verified meaning in: tr,fa,fr
V|تَقَوَّلَ	تَقَوَّلَ	2	no source-verified meaning in: ur,hi,in,tr,fa,fr
V|يُخْسِرُ	يُخْسِرُ	2	no source-verified meaning in: ur,hi,in,tr,fa,fr
N|جَلال	جَلال	2	no source-verified meaning in: fa,fr
V|يَطْمِثْ	يَطْمِثْ	2	no source-verified meaning in: tr,fa,fr
N|مَسْبُوق	مَسْبُوق	2	no source-verified meaning in: en,bn,ur,hi,in,tr,fa,fr
N|تَكاثُر	تَكاثُر	2	no source-verified meaning in: ur,hi,in,tr,fa,fr
V|يَتَماسَّ	يَتَماسَّ	2	no source-verified meaning in: hi,in,tr,fa,fr
V|يَحُضُّ	يَحُضُّ	2	no source-verified meaning in: fa,fr
N|عِهْن	عِهْن	2	no source-verified meaning in: en,bn,ur,hi,in,tr,fa,fr
N|يُسْرَى	يُسْرَى	2	no source-verified meaning in: en,bn,ur,hi,in,tr,fa,fr
N|مَغْضُوب	مَغْضُوب	1	no source-verified meaning in: fr
V|رَبِحَت	رَبِحَت	1	no source-verified meaning in: ur,hi,in,tr,fa,fr
N|صَيِّب	صَيِّب	1	no source-verified meaning in: en,bn,ur,hi,in,tr,fa,fr
N|بَعُوضَة	بَعُوضَة	1	no source-verified meaning in: fa,fr
V|أَزَلَّ	أَزَلَّ	1	no source-verified meaning in: en,bn,ur,hi,in,tr,fa,fr
N|اتِّخاذ	اتِّخاذ	1	no source-verified meaning in: en,bn,ur,hi,in,tr,fa,fr
N|بَقْل	بَقْل	1	no source-verified meaning in: tr,fa,fr
N|قِثّائ	قِثّائ	1	no source-verified meaning in: en,bn,ur,hi,in,tr,fa,fr
N|فُوم	فُوم	1	no source-verified meaning in: en,bn,ur,hi,in,tr,fa,fr
N|عَدَس	عَدَس	1	no source-verified meaning in: en,bn,ur,hi,in,tr,fa,fr
N|بَصَل	بَصَل	1	no source-verified meaning in: en,bn,ur,hi,in,tr,fa,fr
N|فارِض	فارِض	1	no source-verified meaning in: fa,fr
N|فاقِع	فاقِع	1	no source-verified meaning in: ur,hi,in,tr,fa,fr
V|تَسُرُّ	تَسُرُّ	1	no source-verified meaning in: ur,hi,in,tr,fa,fr
N|شِيَة	شِيَة	1	no source-verified meaning in: ur,hi,in,tr,fa,fr
V|ادّارَأَ	ادّارَأَ	1	no source-verified meaning in: bn,ur,hi,in,tr,fa,fr
N|قَسْوَة	قَسْوَة	1	no source-verified meaning in: fa,fr
N|مُزَحْزِح	مُزَحْزِح	1	no source-verified meaning in: en,bn,ur,hi,in,tr,fa,fr
N|بابِل	بابِل	1	no source-verified meaning in: en,bn,ur,hi,in,tr,fa,fr
N|حَسَد	حَسَد	1	no source-verified meaning in: fr
N|خَراب	خَراب	1	no source-verified meaning in: tr,fa,fr
V|سَفِهَ	سَفِهَ	1	no source-verified meaning in: ur,hi,in,tr,fa,fr
N|مُوَلِّي	مُوَلِّي	1	no source-verified meaning in: ur,hi,in,tr,fa,fr
N|قَتْلَى	قَتْلَى	1	no source-verified meaning in: tr,fa,fr
N|مُوص	مُوص	1	no source-verified meaning in: tr,fa,fr
N|حُكّام	حُكّام	1	no source-verified meaning in: tr,fa,fr
N|أَهِلَّة	أَهِلَّة	1	no source-verified meaning in: tr,fa,fr
N|تَهْلُكَة	تَهْلُكَة	1	no source-verified meaning in: tr,fa,fr
V|تَحْلِقُ	تَحْلِقُ	1	no source-verified meaning in: tr,fa,fr
N|عَرَفات	عَرَفات	1	no source-verified meaning in: tr,fa,fr
N|سِلْم	سِلْم	1	no source-verified meaning in: tr,fa,fr
V|أَعْنَتَ	أَعْنَتَ	1	no source-verified meaning in: en,bn,ur,hi,in,tr,fa,fr
V|يَتَراجَعَ	يَتَراجَعَ	1	no source-verified meaning in: tr,fa,fr
V|تَسْتَرْضِعُ	تَسْتَرْضِعُ	1	no source-verified meaning in: tr,fa,fr
V|عَرَّضْ	عَرَّضْ	1	no source-verified meaning in: ur,hi,in,tr,fa,fr
N|خِطْبَة	خِطْبَة	1	no source-verified meaning in: tr,fa,fr
N|مُقْتِر	مُقْتِر	1	no source-verified meaning in: tr,fa,fr
V|يَئُودُ	يَئُودُ	1	no source-verified meaning in: tr,fa,fr
N|انفِصام	انفِصام	1	no source-verified meaning in: tr,fa,fr
V|يَتَسَنَّهْ	يَتَسَنَّهْ	1	no source-verified meaning in: tr,fa,fr
V|نُنشِزُ	نُنشِزُ	1	no source-verified meaning in: ur,hi,in,tr,fa,fr
V|صُرْ	صُرْ	1	no source-verified meaning in: en,bn,ur,hi,in,tr,fa,fr
V|تُغْمِضُ	تُغْمِضُ	1	no source-verified meaning in: tr,fa,fr
V|تَبايَعْ	تَبايَعْ	1	no source-verified meaning in: fa,fr
N|مَقْبُوضَة	مَقْبُوضَة	1	no source-verified meaning in: en
V|أُعِيذُ	أُعِيذُ	1	no source-verified meaning in: ur,hi,in,tr,fa,fr
N|قَبُول	قَبُول	1	no source-verified meaning in: en,bn,ur,hi,in,tr,fa,fr
V|كَفَّلَ	كَفَّلَ	1	no source-verified meaning in: en,bn,ur,hi,in,tr,fa,fr
V|تَدَّخِرُ	تَدَّخِرُ	1	no source-verified meaning in: fa,fr
N|مُتَوَفِّي	مُتَوَفِّي	1	no source-verified meaning in: ur,hi,in,tr,fa,fr
N|رافِع	رافِع	1	no source-verified meaning in: en,bn,ur,hi,in,tr,fa,fr
N|مُطَهِّر	مُطَهِّر	1	no source-verified meaning in: en,bn,ur,hi,in,tr,fa,fr
N|دِينار	دِينار	1	no source-verified meaning in: en,bn,ur,hi,in,tr,fa,fr
N|بَكَّة	بَكَّة	1	no source-verified meaning in: en,bn,ur,hi,in,tr,fa,fr
V|يَأْلُ	يَأْلُ	1	no source-verified meaning in: tr,fa,fr
N|بَدْر	بَدْر	1	no source-verified meaning in: en,bn,ur,hi,in,tr,fa,fr
N|فَوْر	فَوْر	1	no source-verified meaning in: tr,fa,fr
N|مُسَوِّم	مُسَوِّم	1	no source-verified meaning in: ur,hi,in,tr,fa,fr
V|تَحُسُّ	تَحُسُّ	1	no source-verified meaning in: ur,hi,in,tr,fa,fr
N|غُزًّى	غُزًّى	1	no source-verified meaning in: tr,fa,fr
V|شاوِرْ	شاوِرْ	1	no source-verified meaning in: en,bn,ur,hi,in,tr,fa,fr
N|سَخَط	سَخَط	1	no source-verified meaning in: en,bn,ur,hi,in,tr,fa,fr
V|يُطْلِعَ	يُطْلِعَ	1	no source-verified meaning in: en,bn,ur,hi,in,tr,fa,fr
V|يُطَوَّقُ	يُطَوَّقُ	1	no source-verified meaning in: en,bn,ur,hi,in,tr,fa,fr
V|زُحْزِحَ	زُحْزِحَ	1	no source-verified meaning in: ur,hi,in,tr,fa,fr
V|يُحْمَدُ	يُحْمَدُ	1	no source-verified meaning in: tr,fa,fr
V|صابِرُ	صابِرُ	1	no source-verified meaning in: ur,hi,in,tr,fa,fr
V|رابِطُ	رابِطُ	1	no source-verified meaning in: ur,hi,in,tr,fa,fr
N|حُوب	حُوب	1	no source-verified meaning in: tr,fa,fr
V|تَعُولُ	تَعُولُ	1	no source-verified meaning in: ur,hi,in,tr,fa,fr
N|مُضارّ	مُضارّ	1	no source-verified meaning in: ur,hi,in,tr,fa,fr
V|عاشِرُ	عاشِرُ	1	no source-verified meaning in: en,bn,ur,hi,in,tr,fa,fr
V|أَفْضَى	أَفْضَى	1	no source-verified meaning in: fa,fr
N|رَبائِب	رَبائِب	1	no source-verified meaning in: en,bn,ur,hi,in,tr,fa,fr
N|حُجُور	حُجُور	1	no source-verified meaning in: tr,fa,fr
N|مُسافِحَة	مُسافِحَة	1	no source-verified meaning in: tr,fa,fr
N|مُسْمَع	مُسْمَع	1	no source-verified meaning in: tr,fa,fr
N|جِبْت	جِبْت	1	no source-verified meaning in: en,bn,ur,hi,in,tr,fa,fr
V|يَتَحاكَمُ	يَتَحاكَمُ	1	no source-verified meaning in: tr,fa,fr
V|يُبَطِّئَ	يُبَطِّئَ	1	no source-verified meaning in: en,bn,ur,hi,in,tr,fa,fr
V|أَذاعُ	أَذاعُ	1	no source-verified meaning in: ur,hi,in,tr,fa,fr
N|ضَرَر	ضَرَر	1	no source-verified meaning in: fa,fr
V|تَقْصُرُ	تَقْصُرُ	1	no source-verified meaning in: tr,fa,fr
V|يُبَتِّكُ	يُبَتِّكُ	1	no source-verified meaning in: en,bn,ur,hi,in,tr,fa,fr
N|مُعَلَّقَة	مُعَلَّقَة	1	no source-verified meaning in: en,bn,ur,hi,in,tr,fa,fr
N|خادِع	خادِع	1	no source-verified meaning in: ur,hi,in,tr,fa,fr
N|دَرْك	دَرْك	1	no source-verified meaning in: ur,hi,in,tr,fa,fr
N|عُقُود	عُقُود	1	no source-verified meaning in: en,bn,ur,hi,in,tr,fa,fr
N|مُحِلِّي	مُحِلِّي	1	no source-verified meaning in: tr,fa,fr
N|آمّ	آمّ	1	no source-verified meaning in: ur,hi,in,tr,fa,fr
N|مُنْخَنِقَة	مُنْخَنِقَة	1	no source-verified meaning in: en,ur,hi,in,tr,fa,fr
N|مَوْقُوذَة	مَوْقُوذَة	1	no source-verified meaning in: en,ur,hi,in,tr,fa,fr
N|مُتَرَدِّيَة	مُتَرَدِّيَة	1	no source-verified meaning in: en,bn,ur,hi,in,tr,fa,fr
N|نَطِيحَة	نَطِيحَة	1	no source-verified meaning in: en,bn,ur,hi,in,tr,fa,fr
V|ذَكَّيْ	ذَكَّيْ	1	no source-verified meaning in: tr,fa,fr
V|تَسْتَقْسِمُ	تَسْتَقْسِمُ	1	no source-verified meaning in: tr,fa,fr
N|مُتَجانِف	مُتَجانِف	1	no source-verified meaning in: tr,fa,fr
N|جَوارِح	جَوارِح	1	no source-verified meaning in: tr,fa,fr
N|مُكَلِّب	مُكَلِّب	1	no source-verified meaning in: en,bn,ur,hi,in,tr,fa,fr
V|واثَقَ	واثَقَ	1	no source-verified meaning in: ur,hi,in,tr,fa,fr
N|أَحِبّاؤ	أَحِبّاؤ	1	no source-verified meaning in: en,bn,ur,hi,in,tr,fa,fr
N|فَتْرَة	فَتْرَة	1	no source-verified meaning in: tr,fa,fr
V|عَجَزْ	عَجَزْ	1	no source-verified meaning in: en,bn,ur,hi,in,tr,fa,fr
N|أَجْل	أَجْل	1	no source-verified meaning in: tr,fa,fr
V|يَتَناهَ	يَتَناهَ	1	no source-verified meaning in: hi,in,tr,fa,fr
V|يُوقِعَ	يُوقِعَ	1	no source-verified meaning in: tr,fa,fr
N|مُنتَهي	مُنتَهي	1	no source-verified meaning in: ur,hi,in,tr,fa,fr
N|رِماح	رِماح	1	no source-verified meaning in: en,bn,ur,hi,in,tr,fa,fr
N|بَحِيرَة	بَحِيرَة	1	no source-verified meaning in: fr
N|سائِبَة	سائِبَة	1	no source-verified meaning in: fr
N|وَصِيلَة	وَصِيلَة	1	no source-verified meaning in: fr
N|حام	حام	1	no source-verified meaning in: fr
N|مُنَزِّل	مُنَزِّل	1	no source-verified meaning in: ur,hi,in,tr,fa,fr
N|حَسْرَت	حَسْرَت	1	no source-verified meaning in: en,bn,ur,hi,in,tr,fa,fr
V|يَطِيرُ	يَطِيرُ	1	no source-verified meaning in: in
V|تَسْتَبِينَ	تَسْتَبِينَ	1	no source-verified meaning in: en,bn,ur,hi,in,tr,fa,fr
V|اقْتَدِهْ	اقْتَدِهْ	1	no source-verified meaning in: ur,hi,in,tr,fa,fr
N|خَضِر	خَضِر	1	no source-verified meaning in: fa,fr
N|يَنْع	يَنْع	1	no source-verified meaning in: en,bn,ur,hi,in,tr,fa,fr
N|مُفَصَّل	مُفَصَّل	1	no source-verified meaning in: ur,hi,in,tr,fa,fr
N|وَصْف	وَصْف	1	no source-verified meaning in: ur,hi,in,tr,fa,fr
N|فَرْش	فَرْش	1	no source-verified meaning in: ur,hi,in,tr,fa,fr
N|ضَأْن	ضَأْن	1	no source-verified meaning in: tr,fa,fr
N|مَعْز	مَعْز	1	no source-verified meaning in: tr,fa,fr
N|ظُفُر	ظُفُر	1	no source-verified meaning in: fa,fr
N|دِراسَت	دِراسَت	1	no source-verified meaning in: tr,fa,fr
V|قاسَمَ	قاسَمَ	1	no source-verified meaning in: en,bn,ur,hi,in,tr,fa,fr
V|تُفَتَّحُ	تُفَتَّحُ	1	no source-verified meaning in: tr,fa,fr
N|سُهُول	سُهُول	1	no source-verified meaning in: tr,fa,fr
V|كَثَّرَ	كَثَّرَ	1	no source-verified meaning in: en,bn,ur,hi,in,tr,fa,fr
V|اسْتَرْهَبُ	اسْتَرْهَبُ	1	no source-verified meaning in: en,bn,ur,hi,in,tr,fa,fr
V|يَعْكُفُ	يَعْكُفُ	1	no source-verified meaning in: ur,hi,in,tr,fa,fr
N|حُلِيّ	حُلِيّ	1	no source-verified meaning in: tr,fa,fr
V|يَجُرُّ	يَجُرُّ	1	no source-verified meaning in: fa,fr
V|تُشْمِتْ	تُشْمِتْ	1	no source-verified meaning in: tr,fa,fr
N|شُرَّع	شُرَّع	1	no source-verified meaning in: fr
V|يَسْبِتُ	يَسْبِتُ	1	no source-verified meaning in: hi,in,tr,fa,fr
V|تَغَشَّى	تَغَشَّى	1	no source-verified meaning in: ur,hi,in,tr,fa,fr
V|يُقْصِرُ	يُقْصِرُ	1	no source-verified meaning in: fa,fr
N|شَوْكَة	شَوْكَة	1	no source-verified meaning in: fa,fr
N|مُمِدّ	مُمِدّ	1	no source-verified meaning in: ur,hi,in,tr,fa,fr
N|مُرْدِف	مُرْدِف	1	no source-verified meaning in: ur,hi,in,tr,fa,fr
N|مُتَحَرِّف	مُتَحَرِّف	1	no source-verified meaning in: fr
N|مُتَحَيِّز	مُتَحَيِّز	1	no source-verified meaning in: ur,hi,in,tr,fa,fr
N|مُوهِن	مُوهِن	1	no source-verified meaning in: fr
N|قُصْوَى	قُصْوَى	1	no source-verified meaning in: ur,hi,in,tr,fa,fr
V|تَواعَد	تَواعَد	1	no source-verified meaning in: fr
V|يُقَلِّلُ	يُقَلِّلُ	1	no source-verified meaning in: en,bn,ur,hi,in,tr,fa,fr
N|مُغَيِّر	مُغَيِّر	1	no source-verified meaning in: tr,fa,fr
N|رِباط	رِباط	1	no source-verified meaning in: tr,fa,fr
V|أَمْكَنَ	أَمْكَنَ	1	no source-verified meaning in: ur,hi,in,tr,fa,fr
N|مَواطِن	مَواطِن	1	no source-verified meaning in: tr,fa,fr
V|يَدِينُ	يَدِينُ	1	no source-verified meaning in: tr,fa,fr
V|يُواطِئُ	يُواطِئُ	1	no source-verified meaning in: en,bn,ur,hi,in,tr,fa,fr
N|غار	غار	1	no source-verified meaning in: tr,fa,fr
V|ثَبَّطَ	ثَبَّطَ	1	no source-verified meaning in: en,bn,ur,hi,in,tr,fa,fr
V|أَوْضَعُ	أَوْضَعُ	1	no source-verified meaning in: en,bn,ur,hi,in,tr,fa,fr
V|أَعْقَبَ	أَعْقَبَ	1	no source-verified meaning in: en,bn,ur,hi,in,tr,fa,fr
N|حامِد	حامِد	1	no source-verified meaning in: ur,hi,in,tr,fa,fr
N|مَوْعِدَة	مَوْعِدَة	1	no source-verified meaning in: tr,fa,fr
V|خُلِّفُ	خُلِّفُ	1	no source-verified meaning in: ur,hi,in,tr,fa,fr
V|يَتَخَلَّفُ	يَتَخَلَّفُ	1	no source-verified meaning in: tr,fa,fr
V|يَتَفَقَّهُ	يَتَفَقَّهُ	1	no source-verified meaning in: en,bn,ur,hi,in,tr,fa,fr
N|اسْتِعْجال	اسْتِعْجال	1	no source-verified meaning in: en
V|يَسْتَنۢبِئُ	يَسْتَنۢبِئُ	1	no source-verified meaning in: en,bn,ur,hi,in,tr,fa,fr
N|تَذْكِير	تَذْكِير	1	no source-verified meaning in: en,bn,ur,hi,in,tr,fa,fr
V|تَلْفِتَ	تَلْفِتَ	1	no source-verified meaning in: en,bn,ur,hi,in,tr,fa,fr
N|عال	عال	1	no source-verified meaning in: en,bn,ur,hi,in,tr,fa,fr
N|بَدَن	بَدَن	1	no source-verified meaning in: en,bn,ur,hi,in,tr,fa,fr
N|مَعْزِل	مَعْزِل	1	no source-verified meaning in: tr,fa,fr
V|اعْتَرَى	اعْتَرَى	1	no source-verified meaning in: ur,hi,in,tr,fa,fr
V|اسْتَعْمَرَ	اسْتَعْمَرَ	1	no source-verified meaning in: en,bn,ur,hi,in,tr,fa,fr
N|مَرْجُوّ	مَرْجُوّ	1	no source-verified meaning in: en,bn,ur,hi,in,tr,fa,fr
N|مَكْذُوب	مَكْذُوب	1	no source-verified meaning in: ur,hi,in,tr,fa,fr
N|ظِهْرِيّ	ظِهْرِيّ	1	no source-verified meaning in: fa,fr
V|أَوْرَدَ	أَوْرَدَ	1	no source-verified meaning in: en,bn,ur,hi,in,tr,fa,fr
N|مَوْرُود	مَوْرُود	1	no source-verified meaning in: ur,hi,in,tr,fa,fr
N|مَرْفُود	مَرْفُود	1	no source-verified meaning in: en
N|مَجْذُوذ	مَجْذُوذ	1	no source-verified meaning in: fa,fr
N|مُوَفُّو	مُوَفُّو	1	no source-verified meaning in: en,bn,ur,hi,in,tr,fa,fr
N|مَنقُوص	مَنقُوص	1	no source-verified meaning in: fa,fr
N|زاهِد	زاهِد	1	no source-verified meaning in: tr,fa,fr
V|غَلَّقَتِ	غَلَّقَتِ	1	no source-verified meaning in: hi,in,tr,fa,fr
V|شَغَفَ	شَغَفَ	1	no source-verified meaning in: hi,in,tr,fa,fr
V|أَكْبَرْ	أَكْبَرْ	1	no source-verified meaning in: ur,hi,in,tr,fa,fr
V|تَعْبُرُ	تَعْبُرُ	1	no source-verified meaning in: fa,fr
N|سُنبُل	سُنبُل	1	no source-verified meaning in: tr,fa,fr
N|أَمّارَة	أَمّارَة	1	no source-verified meaning in: en,bn,ur,hi,in,tr,fa,fr
N|حَرَض	حَرَض	1	no source-verified meaning in: fr
N|تَثْرِيب	تَثْرِيب	1	no source-verified meaning in: fa,fr
V|تُفَنِّدُ	تُفَنِّدُ	1	no source-verified meaning in: tr,fa,fr
N|بَدْو	بَدْو	1	no source-verified meaning in: tr,fa,fr
N|وال	وال	1	no source-verified meaning in: tr,fa,fr
N|مِحال	مِحال	1	no source-verified meaning in: ur,hi,in,tr,fa,fr
V|سالَتْ	سالَتْ	1	no source-verified meaning in: fr
N|طُوبَى	طُوبَى	1	no source-verified meaning in: fr
N|مُعَقِّب	مُعَقِّب	1	no source-verified meaning in: ur,hi,in,tr,fa,fr
N|صَدِيد	صَدِيد	1	no source-verified meaning in: ur,hi,in,tr,fa,fr
V|يَتَجَرَّعُ	يَتَجَرَّعُ	1	no source-verified meaning in: ur,hi,in,tr,fa,fr
V|يُسِيغُ	يُسِيغُ	1	no source-verified meaning in: fa,fr
N|رَماد	رَماد	1	no source-verified meaning in: en,bn,ur,hi,in,tr,fa,fr
V|جَزِعْ	جَزِعْ	1	no source-verified meaning in: en,bn,ur,hi,in,tr,fa,fr
N|فَرْع	فَرْع	1	no source-verified meaning in: en,bn,ur,hi,in,tr,fa,fr
V|اجْنُبْ	اجْنُبْ	1	no source-verified meaning in: en,bn,ur,hi,in,tr,fa,fr
N|مُقْنِعِي	مُقْنِعِي	1	no source-verified meaning in: ur,hi,in,tr,fa,fr
N|قَطِران	قَطِران	1	no source-verified meaning in: tr,fa,fr
V|سُكِّرَتْ	سُكِّرَتْ	1	no source-verified meaning in: ur,hi,in,tr,fa,fr
N|لَواقِح	لَواقِح	1	no source-verified meaning in: ur,hi,in,tr,fa,fr
N|خازِن	خازِن	1	no source-verified meaning in: en,bn,ur,hi,in,tr,fa,fr
N|قانِط	قانِط	1	no source-verified meaning in: tr,fa,fr
V|تَفْضَحُ	تَفْضَحُ	1	no source-verified meaning in: tr,fa,fr
N|عَمْر	عَمْر	1	no source-verified meaning in: en,bn,ur,hi,in,tr,fa,fr
N|مُتَوَسِّم	مُتَوَسِّم	1	no source-verified meaning in: en,bn,ur,hi,in,tr,fa,fr
N|مُقْتَسِم	مُقْتَسِم	1	no source-verified meaning in: tr,fa,fr
V|اصْدَعْ	اصْدَعْ	1	no source-verified meaning in: ur,hi,in,tr,fa,fr
V|تُرِيحُ	تُرِيحُ	1	no source-verified meaning in: hi,in,tr,fa,fr
N|شِقّ	شِقّ	1	no source-verified meaning in: en,bn,ur,hi,in,tr,fa,fr
N|قَصْد	قَصْد	1	no source-verified meaning in: fr
N|تَخَوُّف	تَخَوُّف	1	no source-verified meaning in: fr
N|مُفْرَط	مُفْرَط	1	no source-verified meaning in: ur,hi,in,tr,fa,fr
N|نَحْل	نَحْل	1	no source-verified meaning in: tr,fa,fr
N|رادِّي	رادِّي	1	no source-verified meaning in: en,bn,ur,hi,in,tr,fa,fr
N|جَوّ	جَوّ	1	no source-verified meaning in: tr,fa,fr
N|أَوْبار	أَوْبار	1	no source-verified meaning in: en,bn,ur,hi,in,tr,fa,fr
N|أَنكاث	أَنكاث	1	no source-verified meaning in: ur,hi,in,tr,fa,fr
V|تُبَذِّرْ	تُبَذِّرْ	1	no source-verified meaning in: fa,fr
N|مُبَذِّر	مُبَذِّر	1	no source-verified meaning in: fr
N|خِطْء	خِطْء	1	no source-verified meaning in: tr,fa,fr
V|تَقْفُ	تَقْفُ	1	no source-verified meaning in: fa,fr
N|طُول	طُول	1	no source-verified meaning in: ur,hi,in,tr,fa,fr
V|يُنْغِضُ	يُنْغِضُ	1	no source-verified meaning in: en,bn,ur,hi,in,tr,fa,fr
N|مَحْذُور	مَحْذُور	1	no source-verified meaning in: tr,fa,fr
V|أَحْتَنِكَ	أَحْتَنِكَ	1	no source-verified meaning in: en,bn,ur,hi,in,tr,fa,fr
N|رَجِل	رَجِل	1	no source-verified meaning in: en,bn,ur,hi,in,tr,fa,fr
V|شارِكْ	شارِكْ	1	no source-verified meaning in: en,bn,ur,hi,in,tr,fa,fr
N|تَبِيع	تَبِيع	1	no source-verified meaning in: ur,hi,in,tr,fa,fr
N|دُلُوك	دُلُوك	1	no source-verified meaning in: en,bn,ur,hi,in,tr,fa,fr
N|زَهُوق	زَهُوق	1	no source-verified meaning in: tr,fa,fr
N|رُقِيّ	رُقِيّ	1	no source-verified meaning in: en,bn,ur,hi,in,tr,fa,fr
N|مُكْث	مُكْث	1	no source-verified meaning in: tr,fa,fr
V|تُخافِتْ	تُخافِتْ	1	no source-verified meaning in: tr,fa,fr
N|تَكْبِير	تَكْبِير	1	no source-verified meaning in: ur,hi,in,tr,fa,fr
N|بَيِّن	بَيِّن	1	no source-verified meaning in: fa,fr
N|مُرْشِد	مُرْشِد	1	no source-verified meaning in: fr
N|وَصِيد	وَصِيد	1	no source-verified meaning in: en,bn,ur,hi,in,tr,fa,fr
N|وَرِق	وَرِق	1	no source-verified meaning in: en,bn,ur,hi,in,tr,fa,fr
V|يَتَلَطَّفْ	يَتَلَطَّفْ	1	no source-verified meaning in: en,bn,ur,hi,in,tr,fa,fr
V|أَعْثَرْ	أَعْثَرْ	1	no source-verified meaning in: ur,hi,in,tr,fa,fr
N|ثامِن	ثامِن	1	no source-verified meaning in: en,bn,ur,hi,in,tr,fa,fr
V|تُمارِ	تُمارِ	1	no source-verified meaning in: tr,fa,fr
V|حَفَفْ	حَفَفْ	1	no source-verified meaning in: en,bn,ur,hi,in,tr,fa,fr
V|تَبِيدَ	تَبِيدَ	1	no source-verified meaning in: tr,fa,fr
N|مَصْرِف	مَصْرِف	1	no source-verified meaning in: ur,hi,in,tr,fa,fr
V|يُضَيِّفُ	يُضَيِّفُ	1	no source-verified meaning in: tr,fa,fr
V|يَنقَضَّ	يَنقَضَّ	1	no source-verified meaning in: tr,fa,fr
V|أَعِيبَ	أَعِيبَ	1	no source-verified meaning in: fa,fr
N|غَصْب	غَصْب	1	no source-verified meaning in: ur,hi,in,tr,fa,fr
V|ساوَى	ساوَى	1	no source-verified meaning in: tr,fa,fr
V|يَمُوجُ	يَمُوجُ	1	no source-verified meaning in: ur,hi,in,tr,fa,fr
N|نَسْي	نَسْي	1	no source-verified meaning in: fr
N|جَنِيّ	جَنِيّ	1	no source-verified meaning in: ur,hi,in,tr,fa,fr
N|مَلِيّ	مَلِيّ	1	no source-verified meaning in: ur,hi,in,tr,fa,fr
N|صِلِيّ	صِلِيّ	1	no source-verified meaning in: fa,fr
N|حَتْم	حَتْم	1	no source-verified meaning in: ur,hi,in,tr,fa,fr
V|تَرْدَى	تَرْدَى	1	no source-verified meaning in: fr
V|أَهُشُّ	أَهُشُّ	1	no source-verified meaning in: fr
N|ساحِل	ساحِل	1	no source-verified meaning in: en,bn,ur,hi,in,tr,fa,fr
V|اصْطَنَعْ	اصْطَنَعْ	1	no source-verified meaning in: en,bn,ur,hi,in,tr,fa,fr
V|تَنِيَ	تَنِيَ	1	no source-verified meaning in: fa,fr
V|يَفْرُطَ	يَفْرُطَ	1	no source-verified meaning in: fa,fr
V|يُسْحِتَ	يُسْحِتَ	1	no source-verified meaning in: en,bn,ur,hi,in,tr,fa,fr
N|قاض	قاض	1	no source-verified meaning in: fa,fr
N|مَلْك	مَلْك	1	no source-verified meaning in: en,bn,ur,hi,in,tr,fa,fr
N|لِحْيَت	لِحْيَت	1	no source-verified meaning in: en,bn,ur,hi,in,tr,fa,fr
N|مِساس	مِساس	1	no source-verified meaning in: tr,fa,fr
V|تَجُوعَ	تَجُوعَ	1	no source-verified meaning in: fa,fr
V|تَعْرَى	تَعْرَى	1	no source-verified meaning in: fa,fr
V|تَظْمَؤُا۟	تَظْمَؤُا۟	1	no source-verified meaning in: tr,fa,fr
V|تَضْحَى	تَضْحَى	1	no source-verified meaning in: fa,fr
V|نَذِلَّ	نَذِلَّ	1	no source-verified meaning in: tr,fa,fr
V|يَدْمَغُ	يَدْمَغُ	1	no source-verified meaning in: ur,hi,in,tr,fa,fr
V|يَسْتَحْسِرُ	يَسْتَحْسِرُ	1	no source-verified meaning in: fa,fr
V|يَفْتُرُ	يَفْتُرُ	1	no source-verified meaning in: fa,fr
N|رَتْق	رَتْق	1	no source-verified meaning in: fr
V|فَتَقْ	فَتَقْ	1	no source-verified meaning in: en,bn,ur,hi,in,tr,fa,fr
N|عَجَل	عَجَل	1	no source-verified meaning in: tr,fa,fr
V|يُصْحَبُ	يُصْحَبُ	1	no source-verified meaning in: ur,hi,in,tr,fa,fr
V|نَفَشَتْ	نَفَشَتْ	1	no source-verified meaning in: ur,hi,in,tr,fa,fr
V|فَهَّمْ	فَهَّمْ	1	no source-verified meaning in: en,bn,ur,hi,in,tr,fa,fr
N|نُون	نُون	1	no source-verified meaning in: fa,fr
N|شاخِصَة	شاخِصَة	1	no source-verified meaning in: ur,hi,in,tr,fa,fr
N|طَىّ	طَىّ	1	no source-verified meaning in: en,bn,ur,hi,in,tr,fa,fr
N|حَرْف	حَرْف	1	no source-verified meaning in: tr,fa,fr
N|مَقامِع	مَقامِع	1	no source-verified meaning in: ur,hi,in,tr,fa,fr
N|إِلْحاد	إِلْحاد	1	no source-verified meaning in: en,bn,ur,hi,in,tr,fa,fr
N|مُخْبِت	مُخْبِت	1	no source-verified meaning in: ur,hi,in,tr,fa,fr
N|بُدْن	بُدْن	1	no source-verified meaning in: fr
N|صَوافّ	صَوافّ	1	no source-verified meaning in: fa,fr
N|قانِع	قانِع	1	no source-verified meaning in: in,tr,fa,fr
V|هُدِّمَتْ	هُدِّمَتْ	1	no source-verified meaning in: en,bn,ur,hi,in,tr,fa,fr
V|يُنازِعُ	يُنازِعُ	1	no source-verified meaning in: fa,fr
V|يَسْلُبْ	يَسْلُبْ	1	no source-verified meaning in: fr
V|يَسْتَنقِذُ	يَسْتَنقِذُ	1	no source-verified meaning in: tr,fa,fr
N|طالِب	طالِب	1	no source-verified meaning in: ur,hi,in,tr,fa,fr
N|مَطْلُوب	مَطْلُوب	1	no source-verified meaning in: ur,hi,in,tr,fa,fr
N|ذَهاب	ذَهاب	1	no source-verified meaning in: tr,fa,fr
N|سَيْناء	سَيْناء	1	no source-verified meaning in: tr,fa,fr
N|دُهْن	دُهْن	1	no source-verified meaning in: en,bn,ur,hi,in,tr,fa,fr
V|يَتَفَضَّلَ	يَتَفَضَّلَ	1	no source-verified meaning in: tr,fa,fr
N|مُهْلَك	مُهْلَك	1	no source-verified meaning in: tr,fa,fr
N|سامِر	سامِر	1	no source-verified meaning in: ur,hi,in,tr,fa,fr
N|ناكِب	ناكِب	1	no source-verified meaning in: en,bn,ur,hi,in,tr,fa,fr
N|هَمَزَة	هَمَزَة	1	no source-verified meaning in: tr,fa,fr
N|كالِح	كالِح	1	no source-verified meaning in: fr
V|تَشِيعَ	تَشِيعَ	1	no source-verified meaning in: tr,fa,fr
V|زَكَى	زَكَى	1	no source-verified meaning in: tr,fa,fr
V|يَأْتَلِ	يَأْتَلِ	1	no source-verified meaning in: fa,fr
N|مَسْكُونَة	مَسْكُونَة	1	no source-verified meaning in: tr,fa,fr
N|خُمُر	خُمُر	1	no source-verified meaning in: en,bn,ur,hi,in,tr,fa,fr
N|إِرْبَة	إِرْبَة	1	no source-verified meaning in: tr,fa,fr
N|أَيامَى	أَيامَى	1	no source-verified meaning in: ur,hi,in,tr,fa,fr
V|كاتِبُ	كاتِبُ	1	no source-verified meaning in: en,bn,ur,hi,in,tr,fa,fr
N|بِغاء	بِغاء	1	no source-verified meaning in: tr,fa,fr
N|مِشْكاة	مِشْكاة	1	no source-verified meaning in: en,bn,ur,hi,in,tr,fa,fr
N|شَرْقِيَّة	شَرْقِيَّة	1	no source-verified meaning in: fa,fr
N|قِيعَة	قِيعَة	1	no source-verified meaning in: en,bn,ur,hi,in,tr,fa,fr
N|بَرَد	بَرَد	1	no source-verified meaning in: tr,fa,fr
V|يَحِيفَ	يَحِيفَ	1	no source-verified meaning in: fa,fr
N|ظَهِيرَة	ظَهِيرَة	1	no source-verified meaning in: tr,fa,fr
N|طَوّاف	طَوّاف	1	no source-verified meaning in: fr
N|مُتَبَرِّجَة	مُتَبَرِّجَة	1	no source-verified meaning in: tr,fa,fr
V|يَتَسَلَّلُ	يَتَسَلَّلُ	1	no source-verified meaning in: tr,fa,fr
V|اكْتَتَبَ	اكْتَتَبَ	1	no source-verified meaning in: en,ur,hi,in,tr,fa,fr
N|فُلان	فُلان	1	no source-verified meaning in: en
N|خَذُول	خَذُول	1	no source-verified meaning in: ur,hi,in,tr,fa,fr
N|تَفْسِير	تَفْسِير	1	no source-verified meaning in: ur,hi,in,tr,fa,fr
N|خِلْفَة	خِلْفَة	1	no source-verified meaning in: ur,hi,in,tr,fa,fr
V|يَبِيتُ	يَبِيتُ	1	no source-verified meaning in: tr,fa,fr
N|غَرام	غَرام	1	no source-verified meaning in: tr,fa,fr
V|يَقْتُرُ	يَقْتُرُ	1	no source-verified meaning in: fa,fr
V|يَعْبَؤُا۟	يَعْبَؤُا۟	1	no source-verified meaning in: ur,hi,in,tr,fa,fr
N|خاضِع	خاضِع	1	no source-verified meaning in: fr
N|مَسْجُون	مَسْجُون	1	no source-verified meaning in: tr,fa,fr
N|ضَيْر	ضَيْر	1	no source-verified meaning in: fa,fr
N|شِرْذِمَة	شِرْذِمَة	1	no source-verified meaning in: en,bn,ur,hi,in,tr,fa,fr
N|غائِظ	غائِظ	1	no source-verified meaning in: en,bn,ur,hi,in,tr,fa,fr
N|مُدْرَك	مُدْرَك	1	no source-verified meaning in: en,bn,ur,hi,in,tr,fa,fr
N|طَوْد	طَوْد	1	no source-verified meaning in: en,bn,ur,hi,in,tr,fa,fr
V|كُبْكِبُ	كُبْكِبُ	1	no source-verified meaning in: bn,ur,hi,in,tr,fa,fr
N|مَرْجُوم	مَرْجُوم	1	no source-verified meaning in: hi,in,tr,fa,fr
V|تَعْبَثُ	تَعْبَثُ	1	no source-verified meaning in: ur,hi,in,tr,fa,fr
N|واعِظ	واعِظ	1	no source-verified meaning in: tr,fa,fr
N|قالي	قالي	1	no source-verified meaning in: hi,in,tr,fa,fr
N|مُخْسِر	مُخْسِر	1	no source-verified meaning in: tr,fa,fr
N|أَعْجَمِين	أَعْجَمِين	1	no source-verified meaning in: ur,hi,in,tr,fa,fr
N|مَعْزُول	مَعْزُول	1	no source-verified meaning in: en,bn,ur,hi,in,tr,fa,fr
V|يَحْطِمَ	يَحْطِمَ	1	no source-verified meaning in: tr,fa,fr
V|تَفَقَّدَ	تَفَقَّدَ	1	no source-verified meaning in: fr
N|كِتابِي	كِتابِي	1	no source-verified meaning in: en,bn,ur,hi,in,tr,fa,fr
V|تَقاسَمُ	تَقاسَمُ	1	no source-verified meaning in: fa,fr
N|بَهْجَة	بَهْجَة	1	no source-verified meaning in: en,fa,fr
V|رَدِفَ	رَدِفَ	1	no source-verified meaning in: fr
V|أَتْقَنَ	أَتْقَنَ	1	no source-verified meaning in: tr,fa,fr
V|وَكَزَ	وَكَزَ	1	no source-verified meaning in: en,bn,ur,hi,in,tr,fa,fr
V|يَسْتَصْرِخُ	يَسْتَصْرِخُ	1	no source-verified meaning in: en,bn,ur,hi,in,tr,fa,fr
N|غَوِيّ	غَوِيّ	1	no source-verified meaning in: en,bn,ur,hi,in,tr,fa,fr
V|تَذُودَ	تَذُودَ	1	no source-verified meaning in: ur,hi,in,tr,fa,fr
N|اسْتِحْياء	اسْتِحْياء	1	no source-verified meaning in: tr,fa,fr
V|تَأْجُرَ	تَأْجُرَ	1	no source-verified meaning in: tr,fa,fr
N|شاطِئ	شاطِئ	1	no source-verified meaning in: tr,fa,fr
N|بُقْعَة	بُقْعَة	1	no source-verified meaning in: tr,fa,fr
N|رَهْب	رَهْب	1	no source-verified meaning in: tr,fa,fr
N|مَقْبُوح	مَقْبُوح	1	no source-verified meaning in: tr,fa,fr
V|وَصَّلْ	وَصَّلْ	1	no source-verified meaning in: ur,hi,in,tr,fa,fr
V|بَطِرَتْ	بَطِرَتْ	1	no source-verified meaning in: en,fr
V|تَنُوأُ	تَنُوأُ	1	no source-verified meaning in: en,bn,ur,hi,in,tr,fa,fr
N|مَعاد	مَعاد	1	no source-verified meaning in: tr,fa,fr
N|حامِل	حامِل	1	no source-verified meaning in: en,bn,ur,hi,in,tr,fa,fr
N|مُسْتَبْصِر	مُسْتَبْصِر	1	no source-verified meaning in: fr
N|أَوْهَن	أَوْهَن	1	no source-verified meaning in: fr
V|تَخُطُّ	تَخُطُّ	1	no source-verified meaning in: fa,fr
N|رِب	رِب	1	no source-verified meaning in: tr,fa,fr
V|يَمْهَدُ	يَمْهَدُ	1	no source-verified meaning in: hi,in,tr,fa,fr
V|تُصَعِّرْ	تُصَعِّرْ	1	no source-verified meaning in: fa,fr
N|مَشْي	مَشْي	1	no source-verified meaning in: tr,fa,fr
N|جاز	جاز	1	no source-verified meaning in: fa,fr
N|جَوْف	جَوْف	1	no source-verified meaning in: tr,fa,fr
V|تَعَمَّدَتْ	تَعَمَّدَتْ	1	no source-verified meaning in: tr,fa,fr
N|نَحْب	نَحْب	1	no source-verified meaning in: fr
N|صَياصِي	صَياصِي	1	no source-verified meaning in: tr,fa,fr
N|مُحْسِنَة	مُحْسِنَة	1	no source-verified meaning in: en,bn,ur,hi,in,tr,fa,fr
V|تَخْضَعْ	تَخْضَعْ	1	no source-verified meaning in: tr,fa,fr
V|تَبَرَّجْ	تَبَرَّجْ	1	no source-verified meaning in: fa,fr
N|مُبْدِي	مُبْدِي	1	no source-verified meaning in: ur,hi,in,tr,fa,fr
V|تَعْتَدُّ	تَعْتَدُّ	1	no source-verified meaning in: ur,hi,in,tr,fa,fr
V|يَسْتَنكِحَ	يَسْتَنكِحَ	1	no source-verified meaning in: tr,fa,fr
V|عَزَلْ	عَزَلْ	1	no source-verified meaning in: tr,fa,fr
N|مُسْتَأْنِس	مُسْتَأْنِس	1	no source-verified meaning in: tr,fa,fr
N|جَلابِيب	جَلابِيب	1	no source-verified meaning in: ur,hi,in,tr,fa,fr
N|مُرْجِف	مُرْجِف	1	no source-verified meaning in: fr
V|يُجاوِرُ	يُجاوِرُ	1	no source-verified meaning in: tr,fa,fr
N|كُبَراء	كُبَراء	1	no source-verified meaning in: en,bn,ur,hi,in,tr,fa,fr
N|سَرْد	سَرْد	1	no source-verified meaning in: tr,fa,fr
N|رَواح	رَواح	1	no source-verified meaning in: en,bn,ur,hi,in,tr,fa,fr
N|مَحارِيب	مَحارِيب	1	no source-verified meaning in: ur,hi,in,tr,fa,fr
V|نُجازِي	نُجازِي	1	no source-verified meaning in: tr,fa,fr
N|غُرُفَة	غُرُفَة	1	no source-verified meaning in: tr,fa,fr
N|فَوْت	فَوْت	1	no source-verified meaning in: tr,fa,fr
N|مُمْسِك	مُمْسِك	1	no source-verified meaning in: fa,fr
N|مُعَمَّر	مُعَمَّر	1	no source-verified meaning in: fr
N|قِطْمِير	قِطْمِير	1	no source-verified meaning in: ur,hi,in,tr,fa,fr
N|مُسْمِع	مُسْمِع	1	no source-verified meaning in: en,bn,ur,hi,in,tr,fa,fr
N|غَرابِيب	غَرابِيب	1	no source-verified meaning in: fa,fr
N|مُقْمَح	مُقْمَح	1	no source-verified meaning in: fr
V|عَزَّزْ	عَزَّزْ	1	no source-verified meaning in: ur,hi,in,tr,fa,fr
N|عُرْجُون	عُرْجُون	1	no source-verified meaning in: en,bn,ur,hi,in,tr,fa,fr
N|صَرِيخ	صَرِيخ	1	no source-verified meaning in: fa,fr
N|مَرْقَد	مَرْقَد	1	no source-verified meaning in: tr,fa,fr
V|مَسَخْ	مَسَخْ	1	no source-verified meaning in: en,bn,ur,hi,in,tr,fa,fr
N|رَكُوب	رَكُوب	1	no source-verified meaning in: en
N|زاجِرَة	زاجِرَة	1	no source-verified meaning in: fr
V|يَسَّمَّعُ	يَسَّمَّعُ	1	no source-verified meaning in: hi,in,tr,fa,fr
V|تَناصَرُ	تَناصَرُ	1	no source-verified meaning in: ur,hi,in,tr,fa,fr
N|مُسْتَسْلِم	مُسْتَسْلِم	1	no source-verified meaning in: ur,hi,in,tr,fa,fr
N|مُطَّلِع	مُطَّلِع	1	no source-verified meaning in: ur,hi,in,tr,fa,fr
N|شَوْب	شَوْب	1	no source-verified meaning in: en,bn,ur,hi,in,tr,fa,fr
N|جَبِين	جَبِين	1	no source-verified meaning in: en,bn,ur,hi,in,tr,fa,fr
V|فَدَيْ	فَدَيْ	1	no source-verified meaning in: en,bn,ur,hi,in,tr,fa,fr
N|ذِبْح	ذِبْح	1	no source-verified meaning in: en,bn,ur,hi,in,tr,fa,fr
V|ساهَمَ	ساهَمَ	1	no source-verified meaning in: fr
N|مُدْحَض	مُدْحَض	1	no source-verified meaning in: ur,hi,in,tr,fa,fr
N|يَقْطِين	يَقْطِين	1	no source-verified meaning in: tr,fa,fr
N|فاتِن	فاتِن	1	no source-verified meaning in: en,bn,ur,hi,in,tr,fa,fr
N|ساحَت	ساحَت	1	no source-verified meaning in: en,bn,ur,hi,in,tr,fa,fr
V|لاتَ	لاتَ	1	no source-verified meaning in: ur,hi,in,tr,fa,fr
N|مَناص	مَناص	1	no source-verified meaning in: ur,hi,in,tr,fa,fr
V|يَرْتَقُ	يَرْتَقُ	1	no source-verified meaning in: en,bn,ur,hi,in,tr,fa,fr
N|فَواق	فَواق	1	no source-verified meaning in: tr,fa,fr
N|مَحْشُورَة	مَحْشُورَة	1	no source-verified meaning in: ur,hi,in,tr,fa,fr
V|تَسَوَّرُ	تَسَوَّرُ	1	no source-verified meaning in: hi,in,tr,fa,fr
V|تُشْطِطْ	تُشْطِطْ	1	no source-verified meaning in: fa,fr
V|أَكْفِلْ	أَكْفِلْ	1	no source-verified meaning in: fa,fr
V|عَزَّ	عَزَّ	1	no source-verified meaning in: en,bn,ur,hi,in,tr,fa,fr
N|سُؤال	سُؤال	1	no source-verified meaning in: en,bn,ur,hi,in,tr,fa,fr
N|خُلَطاء	خُلَطاء	1	no source-verified meaning in: tr,fa,fr
N|صافِنَة	صافِنَة	1	no source-verified meaning in: fr
N|نُصْب	نُصْب	1	no source-verified meaning in: en,bn,ur,hi,in,tr,fa,fr
N|مُغْتَسَل	مُغْتَسَل	1	no source-verified meaning in: en
V|تَحْنَثْ	تَحْنَثْ	1	no source-verified meaning in: fa,fr
N|مُصْطَفَيْن	مُصْطَفَيْن	1	no source-verified meaning in: hi,in,tr,fa,fr
N|شَكْل	شَكْل	1	no source-verified meaning in: tr,fa,fr
N|مُتَكَلِّف	مُتَكَلِّف	1	no source-verified meaning in: tr,fa,fr
V|تَقْشَعِرُّ	تَقْشَعِرُّ	1	no source-verified meaning in: ur,hi,in,tr,fa,fr
N|مُتَشاكِس	مُتَشاكِس	1	no source-verified meaning in: fr
N|كاف	كاف	1	no source-verified meaning in: en,bn,ur,hi,in,tr,fa,fr
V|اشْمَأَزَّتْ	اشْمَأَزَّتْ	1	no source-verified meaning in: ur,hi,in,tr,fa,fr
N|حَسْرَتَى	حَسْرَتَى	1	no source-verified meaning in: en,bn,ur,hi,in,tr,fa,fr
N|ساخِر	ساخِر	1	no source-verified meaning in: hi,in,tr,fa,fr
N|حافّ	حافّ	1	no source-verified meaning in: ur,hi,in,tr,fa,fr
N|تَوْب	تَوْب	1	no source-verified meaning in: fa,fr
N|تَناد	تَناد	1	no source-verified meaning in: hi,in,tr,fa,fr
N|تَباب	تَباب	1	no source-verified meaning in: tr,fa,fr
N|نَجاة	نَجاة	1	no source-verified meaning in: tr,fa,fr
V|يَتَحاجُّ	يَتَحاجُّ	1	no source-verified meaning in: fr
V|يُسْجَرُ	يُسْجَرُ	1	no source-verified meaning in: fr
N|مُعْتَب	مُعْتَب	1	no source-verified meaning in: ur,hi,in,tr,fa,fr
N|داحِضَة	داحِضَة	1	no source-verified meaning in: ur,hi,in,tr,fa,fr
V|يَعْشُ	يَعْشُ	1	no source-verified meaning in: ur,hi,in,tr,fa,fr
V|آسَفُ	آسَفُ	1	no source-verified meaning in: tr,fa,fr
N|صِحاف	صِحاف	1	no source-verified meaning in: en,bn,ur,hi,in,tr,fa,fr
V|يُفَتَّرُ	يُفَتَّرُ	1	no source-verified meaning in: fa,fr
N|مُنشَر	مُنشَر	1	no source-verified meaning in: en,bn,ur,hi,in,tr,fa,fr
N|غَلْى	غَلْى	1	no source-verified meaning in: en,bn,ur,hi,in,tr,fa,fr
V|اعْتِلُ	اعْتِلُ	1	no source-verified meaning in: en,bn,ur,hi,in,tr,fa,fr
V|اجْتَرَحُ	اجْتَرَحُ	1	no source-verified meaning in: ur,hi,in,tr,fa,fr
N|جاثِيَة	جاثِيَة	1	no source-verified meaning in: ur,hi,in,tr,fa,fr
V|نَسْتَنسِخُ	نَسْتَنسِخُ	1	no source-verified meaning in: fa,fr
N|مُسْتَيْقِن	مُسْتَيْقِن	1	no source-verified meaning in: en,bn,ur,hi,in,tr,fa,fr
V|نَتَجاوَزُ	نَتَجاوَزُ	1	no source-verified meaning in: ur,hi,in,tr,fa,fr
N|أَحْقاف	أَحْقاف	1	no source-verified meaning in: en,bn,ur,hi,in,tr,fa,fr
N|مُمْطِر	مُمْطِر	1	no source-verified meaning in: ur,hi,in,tr,fa,fr
N|آسِن	آسِن	1	no source-verified meaning in: fa,fr
V|يَتَغَيَّرْ	يَتَغَيَّرْ	1	no source-verified meaning in: tr,fa,fr
N|عَسَل	عَسَل	1	no source-verified meaning in: tr,fa,fr
N|مَغْشِيّ	مَغْشِيّ	1	no source-verified meaning in: hi,in,tr,fa,fr
V|أَصَمَّ	أَصَمَّ	1	no source-verified meaning in: en,bn,ur,hi,in,tr,fa,fr
V|أَسْخَطَ	أَسْخَطَ	1	no source-verified meaning in: in
N|لَحْن	لَحْن	1	no source-verified meaning in: tr,fa,fr
V|يُحْفِ	يُحْفِ	1	no source-verified meaning in: en,bn,ur,hi,in,tr,fa,fr
V|تُوَقِّرُ	تُوَقِّرُ	1	no source-verified meaning in: en,bn,ur,hi,in,tr,fa,fr
V|أَظْفَرَ	أَظْفَرَ	1	no source-verified meaning in: ur,hi,in,tr,fa,fr
N|مَعْكُوف	مَعْكُوف	1	no source-verified meaning in: ur,hi,in,tr,fa,fr
V|تَزَيَّلُ	تَزَيَّلُ	1	no source-verified meaning in: ur,hi,in,tr,fa,fr
V|كَرَّهَ	كَرَّهَ	1	no source-verified meaning in: ur,hi,in,tr,fa,fr
N|راشِد	راشِد	1	no source-verified meaning in: ur,hi,in,tr,fa,fr
V|تَنابَزُ	تَنابَزُ	1	no source-verified meaning in: fa,fr
N|أَلْقاب	أَلْقاب	1	no source-verified meaning in: en,bn,ur,hi,in,tr,fa,fr
V|تَجَسَّسُ	تَجَسَّسُ	1	no source-verified meaning in: fa,fr
V|يَغْتَب	يَغْتَب	1	no source-verified meaning in: fa,fr
V|يَلِتْ	يَلِتْ	1	no source-verified meaning in: ur,hi,in,tr,fa,fr
N|تَبْصِرَة	تَبْصِرَة	1	no source-verified meaning in: ur,hi,in,tr,fa,fr
N|وَرِيد	وَرِيد	1	no source-verified meaning in: ur,hi,in,tr,fa,fr
V|يَلْفِظُ	يَلْفِظُ	1	no source-verified meaning in: tr,fa,fr
V|أَطْغَيْ	أَطْغَيْ	1	no source-verified meaning in: tr,fa,fr
V|امْتَلَأْ	امْتَلَأْ	1	no source-verified meaning in: tr,fa,fr
N|ذارِيَة	ذارِيَة	1	no source-verified meaning in: ur,hi,in,tr,fa,fr
N|مُقَسِّمَة	مُقَسِّمَة	1	no source-verified meaning in: ur,hi,in,tr,fa,fr
V|يَهْجَعُ	يَهْجَعُ	1	no source-verified meaning in: tr,fa,fr
N|صَرَّة	صَرَّة	1	no source-verified meaning in: fa,fr
V|صَكَّتْ	صَكَّتْ	1	no source-verified meaning in: fr
N|ماهِد	ماهِد	1	no source-verified meaning in: ur,hi,in,tr,fa,fr
N|رَقّ	رَقّ	1	no source-verified meaning in: tr,fa,fr
N|مِرَّة	مِرَّة	1	no source-verified meaning in: fa,fr
N|نَزْلَة	نَزْلَة	1	no source-verified meaning in: fa,fr
N|أَقْنَى	أَقْنَى	1	no source-verified meaning in: fr
N|سامِد	سامِد	1	no source-verified meaning in: ur,hi,in,tr,fa,fr
V|ازْدُجِرَ	ازْدُجِرَ	1	no source-verified meaning in: ur,hi,in,tr,fa,fr
N|مُنقَعِر	مُنقَعِر	1	no source-verified meaning in: ur,hi,in,tr,fa,fr
V|تَعاطَى	تَعاطَى	1	no source-verified meaning in: fr
N|أَنام	أَنام	1	no source-verified meaning in: en,bn,ur,hi,in,tr,fa,fr
N|فَخّار	فَخّار	1	no source-verified meaning in: en,bn,ur,hi,in,tr,fa,fr
N|مارِج	مارِج	1	no source-verified meaning in: tr,fa,fr
N|دِهان	دِهان	1	no source-verified meaning in: en,bn,ur,hi,in,tr,fa,fr
N|نَواصِي	نَواصِي	1	no source-verified meaning in: en,bn,ur,hi,in,tr,fa,fr
N|دان	دان	1	no source-verified meaning in: ur,hi,in,tr,fa,fr
N|مُدْهامَّتان	مُدْهامَّتان	1	no source-verified meaning in: fa,fr
N|وَقْعَت	وَقْعَت	1	no source-verified meaning in: en,bn,ur,hi,in,tr,fa,fr
N|مَوْضُونَة	مَوْضُونَة	1	no source-verified meaning in: ur,hi,in,tr,fa,fr
V|يُصَدَّعُ	يُصَدَّعُ	1	no source-verified meaning in: hi,in,tr,fa,fr
N|مَخْضُود	مَخْضُود	1	no source-verified meaning in: fr
N|مَسْكُوب	مَسْكُوب	1	no source-verified meaning in: ur,hi,in,tr,fa,fr
N|مَقْطُوعَة	مَقْطُوعَة	1	no source-verified meaning in: tr,fa,fr
N|إِنشاء	إِنشاء	1	no source-verified meaning in: ur,hi,in,tr,fa,fr
N|عُرُب	عُرُب	1	no source-verified meaning in: fr
N|يَحْمُوم	يَحْمُوم	1	no source-verified meaning in: tr,fa,fr
N|حِنث	حِنث	1	no source-verified meaning in: fr
N|هِيم	هِيم	1	no source-verified meaning in: fr
V|تَحْرُثُ	تَحْرُثُ	1	no source-verified meaning in: tr,fa,fr
N|مُغْرَم	مُغْرَم	1	no source-verified meaning in: en,bn,ur,hi,in,tr,fa,fr
N|مُزْن	مُزْن	1	no source-verified meaning in: tr,fa,fr
V|تُورُ	تُورُ	1	no source-verified meaning in: tr,fa,fr
N|مُقْوي	مُقْوي	1	no source-verified meaning in: en,bn,ur,hi,in,tr,fa,fr
N|مَواقِع	مَواقِع	1	no source-verified meaning in: en,bn,ur,hi,in,tr,fa,fr
N|مُدْهِن	مُدْهِن	1	no source-verified meaning in: ur,hi,in,tr,fa,fr
N|مُسْتَخْلَف	مُسْتَخْلَف	1	no source-verified meaning in: ur,hi,in,tr,fa,fr
N|سُور	سُور	1	no source-verified meaning in: en,bn,ur,hi,in,tr,fa,fr
V|يَأْنِ	يَأْنِ	1	no source-verified meaning in: tr,fa,fr
V|نَبْرَأَ	نَبْرَأَ	1	no source-verified meaning in: tr,fa,fr
V|ابْتَدَعُ	ابْتَدَعُ	1	no source-verified meaning in: ur,hi,in,tr,fa,fr
V|تَفَسَّحُ	تَفَسَّحُ	1	no source-verified meaning in: ur,hi,in,tr,fa,fr
N|مَجالِس	مَجالِس	1	no source-verified meaning in: tr,fa,fr
N|لِينَة	لِينَة	1	no source-verified meaning in: tr,fa,fr
V|أَوْجَفْ	أَوْجَفْ	1	no source-verified meaning in: tr,fa,fr
N|رَهْبَة	رَهْبَة	1	no source-verified meaning in: fa,fr
N|مُصَوِّر	مُصَوِّر	1	no source-verified meaning in: fr
V|عادَيْ	عادَيْ	1	no source-verified meaning in: tr,fa,fr
N|عِصَم	عِصَم	1	no source-verified meaning in: en,bn,ur,hi,in,tr,fa,fr
N|مُسَنَّدَة	مُسَنَّدَة	1	no source-verified meaning in: fa,fr
N|تَغابُن	تَغابُن	1	no source-verified meaning in: fr
V|يَحِضْ	يَحِضْ	1	no source-verified meaning in: ur,hi,in,tr,fa,fr
N|أَحْمال	أَحْمال	1	no source-verified meaning in: fa,fr
N|وُجْد	وُجْد	1	no source-verified meaning in: tr,fa,fr
V|تُضَيِّقُ	تُضَيِّقُ	1	no source-verified meaning in: en,bn,ur,hi,in,tr,fa,fr
V|تَعاسَرْ	تَعاسَرْ	1	no source-verified meaning in: fr
N|حَسِير	حَسِير	1	no source-verified meaning in: fa,fr
N|مَناكِب	مَناكِب	1	no source-verified meaning in: tr,fa,fr
N|مُكِبّ	مُكِبّ	1	no source-verified meaning in: fa,fr
N|نَمِيم	نَمِيم	1	no source-verified meaning in: en,bn,ur,hi,in,tr,fa,fr
V|نَسِمُ	نَسِمُ	1	no source-verified meaning in: en,bn,ur,hi,in,tr,fa,fr
V|يَصْرِمُ	يَصْرِمُ	1	no source-verified meaning in: en,bn,ur,hi,in,tr,fa,fr
V|يَسْتَثْنُ	يَسْتَثْنُ	1	no source-verified meaning in: fa,fr
N|صَرِيم	صَرِيم	1	no source-verified meaning in: en,bn,ur,hi,in,tr,fa,fr
V|تَنادَ	تَنادَ	1	no source-verified meaning in: hi,in,tr,fa,fr
N|صارِم	صارِم	1	no source-verified meaning in: tr,fa,fr
N|حَرْد	حَرْد	1	no source-verified meaning in: tr,fa,fr
V|يَتَلاوَمُ	يَتَلاوَمُ	1	no source-verified meaning in: fa,fr
V|يُزْلِقُ	يُزْلِقُ	1	no source-verified meaning in: en,bn,ur,hi,in,tr,fa,fr
N|طاغِيَة	طاغِيَة	1	no source-verified meaning in: en,bn,ur,hi,in,tr,fa,fr
N|عاتِيَة	عاتِيَة	1	no source-verified meaning in: ur,hi,in,tr,fa,fr
N|أَرْجائ	أَرْجائ	1	no source-verified meaning in: tr,fa,fr
N|مُلاق	مُلاق	1	no source-verified meaning in: fa,fr
N|قاضِيَة	قاضِيَة	1	no source-verified meaning in: ur,hi,in,tr,fa,fr
N|غِسْلِين	غِسْلِين	1	no source-verified meaning in: ur,hi,in,tr,fa,fr
N|وَتِين	وَتِين	1	no source-verified meaning in: fa,fr
V|يُبَصَّرُ	يُبَصَّرُ	1	no source-verified meaning in: en,bn,ur,hi,in,tr,fa,fr
N|فَصِيلَت	فَصِيلَت	1	no source-verified meaning in: en,bn,ur,hi,in,tr,fa,fr
N|لَظَى	لَظَى	1	no source-verified meaning in: ur,hi,in,tr,fa,fr
N|شَوَى	شَوَى	1	no source-verified meaning in: en,bn,ur,hi,in,tr,fa,fr
N|جَزُوع	جَزُوع	1	no source-verified meaning in: fa,fr
N|مَنُوع	مَنُوع	1	no source-verified meaning in: ur,hi,in,tr,fa,fr
N|مَأْمُون	مَأْمُون	1	no source-verified meaning in: fa,fr
V|تَبَتَّلْ	تَبَتَّلْ	1	no source-verified meaning in: hi,in,tr,fa,fr
N|غُصَّة	غُصَّة	1	no source-verified meaning in: tr,fa,fr
N|مَهِيل	مَهِيل	1	no source-verified meaning in: fr
N|ناقُور	ناقُور	1	no source-verified meaning in: tr,fa,fr
V|يُؤْثَرُ	يُؤْثَرُ	1	no source-verified meaning in: ur,hi,in,tr,fa,fr
V|تُبْقِي	تُبْقِي	1	no source-verified meaning in: tr,fa,fr
V|أَسْفَرَ	أَسْفَرَ	1	no source-verified meaning in: tr,fa,fr
N|خائِض	خائِض	1	no source-verified meaning in: fr
N|قَسْوَرَة	قَسْوَرَة	1	no source-verified meaning in: tr,fa,fr
N|وَزَر	وَزَر	1	no source-verified meaning in: fa,fr
V|تُحَرِّكْ	تُحَرِّكْ	1	no source-verified meaning in: tr,fa,fr
V|الْتَفَّتِ	الْتَفَّتِ	1	no source-verified meaning in: ur,hi,in,tr,fa,fr
N|مَنِيّ	مَنِيّ	1	no source-verified meaning in: tr,fa,fr
N|عَبُوس	عَبُوس	1	no source-verified meaning in: fr
N|مُرْسَلَة	مُرْسَلَة	1	no source-verified meaning in: en,bn,ur,hi,in,tr,fa,fr
N|ناشِرَة	ناشِرَة	1	no source-verified meaning in: ur,hi,in,tr,fa,fr
V|أُقِّتَتْ	أُقِّتَتْ	1	no source-verified meaning in: en,bn,ur,hi,in,tr,fa,fr
N|شَرَر	شَرَر	1	no source-verified meaning in: en,bn,ur,hi,in,tr,fa,fr
N|مَعاش	مَعاش	1	no source-verified meaning in: ur,hi,in,tr,fa,fr
N|مُعْصِرَة	مُعْصِرَة	1	no source-verified meaning in: tr,fa,fr
N|نازِعَة	نازِعَة	1	no source-verified meaning in: en,bn,ur,hi,in,tr,fa,fr
N|ناشِطَة	ناشِطَة	1	no source-verified meaning in: ur,hi,in,tr,fa,fr
N|سابِحَة	سابِحَة	1	no source-verified meaning in: ur,hi,in,tr,fa,fr
N|سابِقَة	سابِقَة	1	no source-verified meaning in: ur,hi,in,tr,fa,fr
N|حافِرَة	حافِرَة	1	no source-verified meaning in: tr,fa,fr
N|ساهِرَة	ساهِرَة	1	no source-verified meaning in: en,bn,ur,hi,in,tr,fa,fr
V|أَرْسَى	أَرْسَى	1	no source-verified meaning in: ur,hi,in,tr,fa,fr
N|عَشِيَّة	عَشِيَّة	1	no source-verified meaning in: fr
V|تَصَدَّى	تَصَدَّى	1	no source-verified meaning in: ur,hi,in,tr,fa,fr
N|مُكَرَّمَة	مُكَرَّمَة	1	no source-verified meaning in: ur,hi,in,tr,fa,fr
V|أَقْبَرَ	أَقْبَرَ	1	no source-verified meaning in: fr
N|صاخَّة	صاخَّة	1	no source-verified meaning in: ur,hi,in,tr,fa,fr
N|مُسْتَبْشِرَة	مُسْتَبْشِرَة	1	no source-verified meaning in: fr
N|عِشار	عِشار	1	no source-verified meaning in: fr
N|مَوْءُدَة	مَوْءُدَة	1	no source-verified meaning in: tr,fa,fr
V|كُشِطَتْ	كُشِطَتْ	1	no source-verified meaning in: ur,hi,in,tr,fa,fr
N|خُنَّس	خُنَّس	1	no source-verified meaning in: en,bn,ur,hi,in,tr,fa,fr
N|ضَنِين	ضَنِين	1	no source-verified meaning in: en,bn,ur,hi,in,tr,fa,fr
N|مُطَفِّف	مُطَفِّف	1	no source-verified meaning in: en,bn,ur,hi,in,tr,fa,fr
V|رانَ	رانَ	1	no source-verified meaning in: fr
N|مَحْجُوب	مَحْجُوب	1	no source-verified meaning in: en,bn,ur,hi,in,tr,fa,fr
N|رَحِيق	رَحِيق	1	no source-verified meaning in: tr,fa,fr
V|يَتَنافَسِ	يَتَنافَسِ	1	no source-verified meaning in: en,bn,ur,hi,in,tr,fa,fr
N|تَسْنِيم	تَسْنِيم	1	no source-verified meaning in: tr,fa,fr
V|يَتَغامَزُ	يَتَغامَزُ	1	no source-verified meaning in: ur,hi,in,tr,fa,fr
V|ثُوِّبَ	ثُوِّبَ	1	no source-verified meaning in: tr,fa,fr
V|يَحُورَ	يَحُورَ	1	no source-verified meaning in: fa,fr
N|شَفَق	شَفَق	1	no source-verified meaning in: en,bn,ur,hi,in,tr,fa,fr
N|صَدْع	صَدْع	1	no source-verified meaning in: tr,fa,fr
N|هَزْل	هَزْل	1	no source-verified meaning in: en,bn,ur,hi,in,tr,fa,fr
V|نُقْرِئُ	نُقْرِئُ	1	no source-verified meaning in: en,bn,ur,hi,in,tr,fa,fr
V|يَتَجَنَّبُ	يَتَجَنَّبُ	1	no source-verified meaning in: en,bn,ur,hi,in,tr,fa,fr
N|ناصِبَة	ناصِبَة	1	no source-verified meaning in: ur,hi,in,tr,fa,fr
N|ضَرِيع	ضَرِيع	1	no source-verified meaning in: tr,fa,fr
V|يُسْمِنُ	يُسْمِنُ	1	no source-verified meaning in: tr,fa,fr
N|لاغِيَة	لاغِيَة	1	no source-verified meaning in: ur,hi,in,tr,fa,fr
N|مَبْثُوثَة	مَبْثُوثَة	1	no source-verified meaning in: ur,hi,in,tr,fa,fr
V|يَسْرِ	يَسْرِ	1	no source-verified meaning in: tr,fa,fr
N|عِماد	عِماد	1	no source-verified meaning in: tr,fa,fr
V|جابُ	جابُ	1	no source-verified meaning in: tr,fa,fr
V|تَحاضُّ	تَحاضُّ	1	no source-verified meaning in: fa,fr
V|يُوثِقُ	يُوثِقُ	1	no source-verified meaning in: fa,fr
V|اقْتَحَمَ	اقْتَحَمَ	1	no source-verified meaning in: fa,fr
N|مَسْغَبَة	مَسْغَبَة	1	no source-verified meaning in: tr,fa,fr
N|مَقْرَبَة	مَقْرَبَة	1	no source-verified meaning in: tr,fa,fr
N|مَتْرَبَة	مَتْرَبَة	1	no source-verified meaning in: tr,fa,fr
N|مَرْحَمَة	مَرْحَمَة	1	no source-verified meaning in: en,bn,ur,hi,in,tr,fa,fr
V|أَلْهَمَ	أَلْهَمَ	1	no source-verified meaning in: en,bn,ur,hi,in,tr,fa,fr
N|طَغْوَى	طَغْوَى	1	no source-verified meaning in: en,bn,ur,hi,in,tr,fa,fr
N|سُقْيا	سُقْيا	1	no source-verified meaning in: en,bn,ur,hi,in,tr,fa,fr
N|عُسْرَى	عُسْرَى	1	no source-verified meaning in: en,bn,ur,hi,in,tr,fa,fr
V|يُجَنَّبُ	يُجَنَّبُ	1	no source-verified meaning in: en,bn,ur,hi,in,tr,fa,fr
V|سَجَى	سَجَى	1	no source-verified meaning in: tr,fa,fr
V|وَدَّعَ	وَدَّعَ	1	no source-verified meaning in: tr,fa,fr
V|قَلَى	قَلَى	1	no source-verified meaning in: fa,fr
N|عائِل	عائِل	1	no source-verified meaning in: en
V|تَقْهَرْ	تَقْهَرْ	1	no source-verified meaning in: fa,fr
N|تِين	تِين	1	no source-verified meaning in: en,bn,ur,hi,in,tr,fa,fr
N|عَلَق	عَلَق	1	no source-verified meaning in: tr,fa,fr
V|نَسْفَعًۢ	نَسْفَعًۢ	1	no source-verified meaning in: en,bn,ur,hi,in,tr,fa,fr
N|عادِيَة	عادِيَة	1	no source-verified meaning in: en,bn,ur,hi,in,tr,fa,fr
N|مُورِيَة	مُورِيَة	1	no source-verified meaning in: ur,hi,in,tr,fa,fr
N|مُغِيرَة	مُغِيرَة	1	no source-verified meaning in: ur,hi,in,tr,fa,fr
V|وَسَطْ	وَسَطْ	1	no source-verified meaning in: hi,in,tr,fa,fr
N|كَنُود	كَنُود	1	no source-verified meaning in: en,bn,ur,hi,in,tr,fa,fr
N|فَراش	فَراش	1	no source-verified meaning in: en,bn,ur,hi,in,tr,fa,fr
V|زُرْ	زُرْ	1	no source-verified meaning in: ur,hi,in,tr,fa,fr
N|عَصْر	عَصْر	1	no source-verified meaning in: en,bn,ur,hi,in,tr,fa,fr
V|عَدَّدَ	عَدَّدَ	1	no source-verified meaning in: ur,hi,in,tr,fa,fr
N|مُوقَدَة	مُوقَدَة	1	no source-verified meaning in: fa,fr
N|فِيل	فِيل	1	no source-verified meaning in: fa,fr
N|تَضْلِيل	تَضْلِيل	1	no source-verified meaning in: tr,fa,fr
N|ماعُون	ماعُون	1	no source-verified meaning in: ur,hi,in,tr,fa,fr
N|جِيد	جِيد	1	no source-verified meaning in: tr,fa,fr
N|مَسَد	مَسَد	1	no source-verified meaning in: tr,fa,fr
N|حاسِد	حاسِد	1	no source-verified meaning in: fr
N|خَنّاس	خَنّاس	1	no source-verified meaning in: ur,hi,in,tr,fa,fr
